feature_1,feature_2,feature_3,feature_4,feature_5,feature_6,feature_7,feature_8,cat_feature_1,cat_feature_2,cat_feature_3,region,season,target
5.5,2.79,4.43,1.98,2.19,1.25,2.96,0.3,A,Y,Low,West,Fall,1
7.8,2.74,5.83,0.6,2.09,1.17,1.24,0.32,A,Y,High,North,Summer,2
6.93,4.72,5.56,2.63,0.38,0.85,1.73,1.05,B,Y,Medium,South,Spring,2
6.39,2.75,1.92,1.88,2.78,1.71,3.32,0.83,A,Y,Medium,West,Winter,1
4.62,2.82,1.9,0.56,1.75,1.45,2.59,1.23,D,Z,Medium,East,Winter,0
4.62,4.28,2.61,2.89,1.15,2.23,3.78,1.39,A,X,Low,South,Summer,2
4.23,3.35,3.17,1.6,2.29,0.56,2.29,0.7,B,X,Low,East,Fall,0
7.46,4.33,3.45,0.31,0.85,1.79,3.61,0.98,A,Z,High,West,Summer,1
6.4,2.2,5.08,1.92,2.11,2.03,2.35,0.85,B,Y,Low,East,Summer,1
6.83,3.46,1.34,0.83,0.22,2.02,3.94,1.48,B,X,High,West,Spring,1
4.08,2.1,1.21,2.43,2.53,2.27,3.88,1.28,A,Y,Medium,West,Summer,1
7.88,2.19,3.35,2.47,1.4,1.96,1.99,1.39,B,Z,High,East,Winter,2
7.33,4.72,5.18,2.94,1.95,2.36,3.66,0.53,B,Z,High,East,Spring,2
4.85,2.42,2.16,1.56,0.74,1.17,3.54,1.2,D,Y,Medium,North,Fall,0
4.73,3.6,4.85,1.42,2.06,1.51,1.63,0.55,A,X,Medium,South,Winter,2
4.73,3.23,2.56,2.29,2.34,0.53,2.87,0.47,B,Z,Low,East,Spring,1
5.22,3.04,6.32,0.48,1.47,0.51,1.22,1.43,D,Y,Low,West,Spring,0
6.1,4.7,6.37,1.69,1.89,0.98,3.51,0.23,C,Z,Low,South,Winter,1
5.73,2.07,2.78,1.68,1.42,0.7,1.52,1.46,D,X,Medium,West,Summer,0
5.16,3.99,2.38,0.36,2.69,1.02,1.21,0.39,D,X,High,South,Spring,0
6.45,4.89,3.47,1.31,1.54,0.85,2.2,1.27,B,Y,Medium,East,Summer,2
4.56,3.68,2.44,2.57,2.54,0.56,2.73,0.56,C,X,Medium,South,Summer,1
5.17,4.81,5.03,2.58,2.42,2.32,3.56,0.66,A,Y,Medium,South,Winter,2
5.47,2.16,5.96,0.39,1.29,0.52,3.92,0.48,B,Z,Medium,West,Fall,1
5.82,3.26,5.04,0.36,0.77,1.97,2.32,0.96,C,Y,Medium,South,Summer,1
7.14,2.78,5.95,0.86,1.28,0.8,1.18,0.65,B,Z,Medium,North,Fall,1
4.8,4.19,3.38,2.64,2.5,2.32,3.25,1.05,C,Y,High,East,Winter,2
6.06,4.94,1.94,0.47,0.76,2.29,2.7,0.22,C,Z,High,East,Spring,0
6.37,2.77,5.43,2.19,1.62,1.81,2.34,0.28,A,Z,High,West,Spring,2
4.19,3.96,3.16,0.39,2.44,1.84,1.93,0.33,D,Y,High,West,Winter,0
6.43,2.59,5.03,1.91,1.13,0.51,2.51,0.74,B,Y,Low,North,Winter,1
4.68,3.7,2.62,1.13,1.96,2.47,2.02,1.26,A,Y,High,East,Spring,1
4.26,3.39,1.49,2.39,0.81,2.26,3.27,1.35,D,Y,Low,East,Spring,0
7.8,4.92,6.96,0.78,0.42,2.29,2.63,0.52,B,X,Medium,West,Summer,2
7.86,3.83,1.94,1.95,2.4,1.82,3.63,0.95,C,Z,High,West,Spring,2
7.23,3.05,6.93,0.78,0.39,1.19,2.63,1.2,B,Z,Low,East,Fall,2
5.22,2.34,6.86,2.17,0.89,2.29,1.71,0.58,B,Y,Medium,East,Spring,2
4.39,2.45,5.76,2.63,2.58,1.08,3.55,0.73,C,Y,High,North,Spring,2
6.74,2.68,4.96,0.47,1.1,1.63,2.67,0.88,B,Y,Low,South,Summer,1
5.76,2.75,4.47,2.61,2.92,0.7,1.62,0.38,B,Y,High,East,Winter,2
4.49,4.55,6.2,1.82,2.94,2.34,2.87,0.23,A,Y,High,East,Summer,2
5.98,3.68,2.74,0.47,0.88,0.78,2.07,0.4,D,Z,Low,East,Summer,0
4.14,3.57,3.81,1.34,0.22,0.95,3.53,1.01,A,Y,Low,East,Winter,0
7.64,2.34,4.72,0.57,2.14,1.62,2.36,0.3,D,X,High,South,Fall,1
5.04,4.58,3.47,2.13,1.41,2.03,3.18,0.45,B,Z,High,East,Summer,2
6.65,4.17,3.56,2.3,0.39,1.74,1.29,0.64,C,Y,Low,North,Summer,1
5.25,2.2,2.98,0.41,2.15,0.96,2.19,0.3,D,Z,Medium,North,Spring,0
6.08,4.12,4.39,1.57,0.19,0.5,3.95,0.45,A,X,High,North,Fall,2
6.19,3.63,6.1,2.46,2.62,2.01,3.43,1.38,B,X,Medium,West,Summer,2
4.74,2.25,2.21,2.81,0.5,2.47,1.48,0.23,C,Z,Low,North,Summer,0
7.88,3.37,6.61,1.59,0.47,2.12,1.83,1.05,C,X,High,West,Spring,2
7.1,3.45,5.13,2.86,0.61,1.42,1.99,0.7,B,Z,Low,North,Summer,2
7.76,2.5,5.94,1.65,2.88,2.31,2.95,1.07,C,Z,Medium,South,Fall,2
7.58,4.84,4.34,1.24,2.11,1.32,3.27,0.97,C,Y,Medium,West,Spring,2
6.39,4.55,5.68,2.56,2.42,1.55,3.25,0.49,C,X,Low,East,Spring,2
7.69,4.01,1.1,1.53,1.25,1.45,2.53,1.3,C,Y,Low,North,Winter,0
4.35,3.39,5.91,1.47,1.08,1.4,3.43,0.84,B,Z,High,South,Fall,1
4.78,3.24,1.24,1.52,0.78,2.05,2.31,1.27,D,Y,High,West,Spring,0
4.18,3.95,6.34,2.56,1.49,1.55,1.37,0.73,B,Y,Low,South,Fall,2
5.3,3.64,6.95,2.51,1.7,1.13,2.69,1.48,A,Y,Medium,East,Spring,2
5.55,2.19,2.76,1.27,1.93,1.02,3.86,1.2,B,X,Medium,South,Fall,1
5.09,3.54,2.26,1.07,0.85,0.58,3.38,1.46,A,Z,Medium,South,Fall,0
7.31,4.42,5.59,1.53,2.85,1.67,2.74,0.87,A,Z,Low,North,Fall,2
5.43,3.38,2.52,1.76,0.59,0.96,2.94,0.82,A,Z,Low,East,Fall,0
5.12,2.16,6.19,0.79,2.9,0.8,3.79,1.18,A,Y,Low,East,Spring,2
6.17,4.36,1.62,2.4,0.14,1.81,2.29,1.34,C,Z,Medium,South,Fall,0
4.56,2.6,1.76,1.51,1.5,1.86,1.99,1.45,A,X,High,West,Spring,1
7.21,2.78,6.87,1.07,1.07,2.0,3.93,0.62,A,Y,Medium,West,Summer,2
4.3,2.49,5.04,0.41,1.4,1.51,3.59,1.24,A,Y,Medium,West,Winter,1
7.95,2.99,6.08,0.79,1.75,2.29,1.97,0.47,A,Z,Medium,North,Fall,2
7.09,4.27,2.95,2.85,1.36,2.37,2.39,0.91,A,Z,Medium,South,Winter,2
4.79,3.56,5.06,0.98,1.3,2.11,2.25,0.43,B,Z,High,West,Spring,1
4.02,2.61,4.57,0.59,2.22,1.77,1.45,0.65,D,Z,Medium,North,Summer,1
7.26,4.63,4.62,1.44,2.09,1.11,3.87,1.41,D,Z,Medium,North,Spring,2
6.83,4.64,5.1,0.99,2.52,2.47,2.21,0.39,D,X,Low,West,Fall,2
6.92,4.61,4.45,0.2,0.82,1.05,3.63,1.02,A,Z,Medium,South,Spring,1
7.09,2.72,3.57,1.04,1.87,0.91,1.57,0.97,A,Y,High,South,Spring,1
4.3,3.35,2.66,1.68,1.8,1.38,2.64,0.36,A,X,Medium,South,Summer,1
5.43,4.95,5.61,1.7,1.17,0.61,1.07,0.62,C,X,Low,West,Fall,2
4.46,4.32,2.36,1.13,1.51,2.46,3.29,0.93,A,Y,Medium,South,Spring,1
7.45,2.08,5.15,1.4,1.01,1.68,2.74,0.44,B,X,Medium,West,Winter,1
6.49,2.2,2.4,2.9,0.51,1.61,2.88,1.24,A,Y,Medium,East,Spring,2
5.32,3.39,4.75,1.19,0.72,1.81,1.16,1.46,A,Y,High,East,Spring,2
4.25,4.73,5.48,0.85,0.41,1.49,1.63,0.48,D,Z,Low,South,Summer,0
5.24,3.62,2.31,0.81,2.08,0.56,1.22,0.44,C,Z,High,North,Winter,0
5.3,3.49,1.36,1.43,2.02,1.72,1.87,0.79,C,Y,Medium,East,Spring,0
6.92,2.32,1.79,2.3,2.86,1.93,2.88,1.17,B,X,High,South,Spring,2
6.55,3.97,4.64,0.7,2.22,1.33,2.7,0.57,D,X,High,West,Winter,2
7.55,4.47,6.1,2.16,0.25,2.01,2.84,0.23,C,X,Medium,South,Summer,2
5.89,3.14,1.27,0.16,2.66,0.95,2.65,0.9,D,X,Medium,East,Fall,0
4.48,4.33,5.4,1.31,2.6,0.94,1.82,1.44,A,Z,Low,South,Spring,1
6.85,4.89,3.05,2.35,1.39,0.82,1.73,0.71,B,Y,Low,West,Summer,1
7.04,2.61,3.87,1.08,1.8,1.24,1.41,0.75,C,X,Low,South,Summer,1
6.25,3.57,6.57,1.73,2.93,2.19,3.55,1.46,B,X,Medium,South,Summer,2
7.08,2.86,2.99,0.69,1.64,2.16,2.85,1.1,D,Y,Medium,West,Winter,0
5.98,4.38,3.79,2.25,2.73,1.27,1.56,1.13,D,Y,Medium,East,Winter,2
6.09,3.73,1.08,0.25,0.34,1.68,1.53,0.93,B,X,Medium,East,Fall,0
5.71,3.9,1.49,2.57,0.65,1.94,3.62,1.47,B,Z,Medium,East,Winter,1
4.1,4.39,2.55,0.67,1.38,0.98,3.23,1.1,B,X,Low,East,Summer,0
4.43,3.19,1.17,2.64,1.8,0.84,2.98,1.36,D,X,High,South,Spring,0
4.13,4.75,4.79,1.12,2.47,2.44,2.22,1.11,C,X,Low,North,Fall,1
6.55,3.6,3.56,2.2,2.97,1.74,1.79,1.16,A,Y,High,West,Fall,2
5.26,2.47,4.29,1.03,1.23,2.46,3.94,0.58,B,X,Medium,North,Spring,1
6.03,4.09,2.05,2.73,0.24,1.18,3.39,0.59,A,X,High,East,Fall,2
7.63,4.38,2.78,0.47,2.42,1.91,1.91,1.22,C,X,Medium,North,Summer,2
5.0,2.95,4.98,0.62,1.85,0.95,3.54,0.59,B,Y,High,South,Fall,2
5.64,4.57,6.79,1.53,0.68,1.02,3.28,0.93,B,X,Low,North,Winter,2
7.02,4.72,1.3,0.34,1.54,1.52,1.89,0.52,C,X,Low,East,Fall,0
4.92,2.83,6.34,0.67,2.25,1.14,2.28,1.26,A,Y,Medium,East,Spring,2
4.31,4.95,4.46,2.84,2.33,0.84,1.56,0.34,A,X,Medium,North,Fall,2
5.16,2.42,4.38,2.93,1.55,1.03,1.33,1.28,B,Y,Low,South,Fall,1
4.64,2.61,4.0,1.19,0.99,0.57,3.17,0.98,A,X,Low,West,Spring,1
7.72,2.55,1.42,2.78,2.92,1.91,1.8,0.44,B,X,Medium,South,Summer,2
7.23,4.68,1.54,1.68,2.02,1.48,3.46,0.9,D,Y,Low,West,Winter,0
6.53,3.96,4.61,0.88,1.28,0.69,3.99,0.57,C,X,Medium,West,Summer,1
7.49,2.46,3.05,2.14,0.91,0.84,1.23,0.62,D,X,Medium,West,Spring,1
7.21,3.32,6.5,2.01,2.22,0.71,2.42,0.66,D,Y,Medium,West,Spring,2
4.75,3.85,3.44,2.97,0.8,1.73,3.41,0.28,B,Z,Medium,South,Fall,0
7.57,2.25,1.86,0.87,0.6,0.69,3.37,1.48,A,Y,High,West,Winter,1
6.16,4.65,5.29,2.05,1.64,2.01,3.28,0.24,A,Z,Medium,West,Fall,2
7.23,4.41,2.76,0.25,0.94,0.54,2.05,1.06,C,Z,Medium,West,Summer,0
7.58,3.52,4.15,0.43,1.92,1.0,2.36,0.68,C,Z,Low,North,Fall,1
5.27,4.9,5.19,0.11,0.44,2.28,2.78,1.04,A,Z,Low,West,Fall,1
4.44,3.25,6.4,3.0,2.0,1.94,3.92,0.66,B,Y,Medium,West,Fall,2
4.91,4.95,5.75,2.43,0.92,0.65,1.98,1.08,B,X,Medium,West,Spring,2
5.71,4.0,5.06,2.38,0.1,2.14,3.77,1.15,B,X,High,North,Fall,2
7.27,3.9,5.08,1.58,0.47,1.49,1.81,1.1,D,Y,Medium,North,Summer,1
7.44,2.5,6.68,0.97,2.81,2.19,3.97,0.35,B,Z,High,West,Spring,2
4.03,4.65,2.77,0.54,2.62,1.7,3.01,1.05,D,Y,High,East,Fall,0
6.04,3.28,1.01,0.93,0.78,1.86,2.39,0.56,B,Y,Medium,South,Winter,0
5.67,2.49,2.63,1.19,2.36,2.49,2.84,0.24,C,Y,Medium,West,Summer,0
4.89,2.04,2.31,2.29,1.86,0.96,1.82,0.74,D,Y,High,North,Winter,0
4.48,3.68,4.97,1.67,2.92,1.75,1.82,0.76,D,Y,Low,South,Spring,1
5.35,3.58,4.8,0.32,1.18,1.42,1.34,0.81,A,Y,Medium,South,Fall,1
7.77,4.16,4.56,0.15,2.08,0.58,1.34,1.12,A,X,High,South,Spring,2
5.29,4.67,1.1,0.4,0.28,0.53,2.04,0.6,B,Y,High,South,Summer,0
6.08,2.24,5.37,1.29,1.25,0.74,3.29,0.61,B,Z,High,North,Fall,2
6.81,4.19,2.94,2.81,2.9,1.8,2.82,0.28,C,Z,High,North,Fall,2
5.45,2.56,4.99,1.95,1.66,1.63,1.31,1.09,D,X,Low,East,Winter,2
7.89,4.57,4.34,2.43,0.93,1.61,3.56,0.94,A,Z,Medium,West,Fall,2
7.85,4.46,3.06,1.45,0.45,0.56,2.8,0.65,B,X,Low,East,Fall,1
5.01,3.62,1.81,1.15,2.14,1.44,3.88,1.12,A,X,High,South,Winter,1
5.99,4.13,1.57,0.41,1.97,2.35,3.01,0.9,D,Y,Medium,North,Summer,1
5.2,2.94,5.99,2.64,1.18,1.3,1.53,0.81,D,X,Medium,West,Spring,2
5.14,3.41,6.51,2.37,2.86,1.75,2.42,0.86,B,X,Medium,West,Spring,2
4.15,4.46,4.9,0.59,0.16,2.06,2.95,1.03,A,X,Medium,South,Summer,2
6.44,3.38,1.62,1.59,0.98,2.07,1.08,1.06,C,Y,Low,South,Fall,0
6.01,3.07,3.41,1.51,2.77,1.54,1.04,0.58,C,X,High,East,Spring,2
4.21,3.48,5.37,1.91,1.03,2.22,1.39,0.38,B,Y,Medium,West,Spring,1
5.11,4.48,5.68,2.84,0.83,1.28,1.75,0.4,D,Y,Low,South,Spring,2
7.63,3.01,1.71,1.78,1.65,2.28,2.29,1.03,D,Y,High,East,Fall,1
4.96,2.52,1.0,1.67,2.49,0.98,2.46,1.33,B,Z,High,East,Spring,1
4.58,4.14,5.27,0.25,0.4,1.06,1.41,0.73,B,Y,High,West,Spring,1
5.96,4.48,3.14,0.28,2.83,0.61,3.02,0.42,A,X,Medium,North,Fall,2
7.94,2.3,2.53,0.64,2.41,2.09,2.79,1.18,B,X,High,West,Winter,2
4.97,2.72,1.08,0.19,0.63,1.33,1.88,1.28,B,Y,High,South,Summer,0
6.69,2.43,4.24,2.26,2.16,0.96,1.04,1.34,B,Y,Medium,East,Fall,2
7.05,3.04,6.11,2.2,1.22,0.96,1.23,0.99,A,X,Medium,East,Spring,2
4.95,3.35,6.75,0.49,1.27,2.3,2.18,1.32,A,X,High,South,Winter,2
6.91,4.25,4.39,2.52,2.37,2.17,1.46,0.22,A,Z,Medium,East,Summer,2
5.47,3.95,4.09,0.55,2.89,1.61,2.13,0.34,B,Y,Medium,South,Winter,1
6.53,3.86,1.51,0.97,0.47,1.73,2.88,0.32,C,Y,Low,North,Winter,0
6.53,3.06,4.29,0.82,1.32,1.45,2.64,1.13,C,Z,Medium,South,Winter,1
6.14,4.52,3.28,1.18,1.49,1.28,1.69,0.29,B,Z,Low,East,Spring,0
4.36,3.41,4.64,0.84,1.19,2.33,2.03,0.85,B,Y,Medium,North,Fall,1
7.34,4.94,3.33,1.52,1.15,0.75,2.84,0.81,C,Y,High,West,Spring,2
5.28,3.9,2.44,1.28,0.25,1.34,3.58,0.6,B,Z,Medium,North,Winter,0
4.75,2.38,1.57,2.96,2.09,1.19,3.26,1.33,D,Y,Low,South,Winter,0
4.16,4.03,2.89,0.26,1.37,1.5,2.66,0.42,B,X,Medium,North,Winter,0
6.36,2.98,1.58,0.51,0.66,1.42,2.09,0.66,C,X,Low,East,Fall,0
6.71,4.06,2.06,0.25,2.47,1.54,2.1,1.21,A,Y,Low,South,Fall,1
4.07,2.21,6.92,1.91,2.43,0.78,3.64,0.24,C,Z,High,South,Fall,2
6.05,2.52,3.66,0.26,1.51,1.53,1.12,1.07,D,X,High,North,Summer,1
4.91,4.57,4.19,2.53,0.97,0.98,3.96,1.26,D,X,High,North,Summer,2
6.58,2.68,6.24,1.58,1.95,0.87,2.99,1.41,D,Z,Medium,West,Fall,1
4.7,4.51,6.97,1.63,0.94,0.63,3.04,1.34,A,Z,High,East,Winter,2
6.76,2.84,4.5,1.73,0.78,2.03,1.11,0.62,B,X,Low,South,Fall,1
5.55,3.93,5.87,0.6,2.22,1.35,2.82,0.96,B,X,High,North,Winter,2
7.75,4.08,2.96,0.67,0.22,1.75,2.45,0.3,B,Y,Medium,West,Winter,1
4.55,3.54,2.83,1.02,0.37,1.96,1.32,0.54,A,X,High,North,Fall,1
5.36,2.92,3.42,1.82,0.12,1.86,1.83,0.32,D,Z,Low,West,Summer,0
4.45,2.64,5.04,0.71,0.54,1.44,3.67,0.61,D,X,Medium,South,Fall,1
7.7,2.1,5.09,0.44,0.3,1.28,2.65,1.34,B,X,Low,South,Summer,1
7.51,2.91,2.89,2.91,2.99,1.25,2.24,0.65,A,X,Low,East,Spring,2
5.03,3.96,1.8,0.16,0.94,1.78,1.22,0.93,A,X,Medium,West,Summer,0
6.64,4.81,4.79,2.43,0.53,1.49,3.14,0.76,C,X,High,South,Winter,2
7.27,4.61,1.77,2.39,0.8,2.2,3.11,0.8,B,X,High,South,Spring,2
6.22,4.3,4.47,0.96,2.81,2.25,2.84,1.46,D,Z,High,South,Fall,2
6.12,4.37,5.16,0.49,1.61,0.84,2.53,0.59,C,X,Low,West,Winter,1
4.97,3.99,5.2,0.52,1.16,0.77,2.3,1.02,C,Z,High,East,Fall,1
4.37,2.78,5.52,2.12,2.63,1.76,2.78,0.75,B,X,High,North,Fall,2
7.59,4.72,6.24,1.96,1.25,1.1,1.7,0.28,A,Y,Medium,North,Fall,2
7.6,4.01,4.0,2.37,1.07,0.54,3.82,0.84,D,X,Medium,North,Summer,2
6.53,3.68,5.38,2.82,0.7,2.28,2.77,1.26,C,X,Medium,South,Spring,2
5.36,2.33,4.72,2.11,1.2,0.95,1.93,0.33,D,Y,Medium,North,Winter,1
5.4,3.34,2.12,0.55,1.02,2.36,2.35,0.29,B,Y,Low,East,Summer,0
6.9,3.38,1.15,0.81,2.06,1.93,3.42,0.4,C,Z,Medium,North,Fall,0
7.59,4.59,2.71,2.54,0.94,2.03,1.48,1.19,A,Z,High,South,Fall,2
7.55,3.64,3.66,0.71,1.77,0.9,1.88,1.14,C,Y,Low,East,Spring,1
7.12,3.14,4.7,0.31,0.29,0.97,3.04,0.93,C,Y,Low,South,Winter,0
6.57,4.93,6.1,2.14,0.65,1.54,1.95,0.81,C,Z,High,North,Winter,2
4.34,2.33,2.18,1.27,1.28,0.84,3.38,1.35,C,Y,Medium,North,Spring,0
4.65,3.27,1.75,2.77,2.82,1.11,1.39,1.2,A,Z,Medium,North,Winter,1
7.59,2.13,6.78,1.99,1.19,1.14,3.29,1.26,D,Z,High,West,Fall,2
6.43,4.22,1.65,0.36,2.03,0.82,1.21,1.26,D,X,Low,East,Summer,0
4.04,4.75,3.87,2.85,0.84,0.91,1.04,1.04,A,X,High,North,Fall,2
4.41,2.84,4.51,0.85,0.47,2.08,3.69,0.8,D,Y,Low,South,Spring,0
6.65,4.58,4.25,1.08,0.27,0.83,2.74,1.32,A,Y,Medium,South,Fall,1
4.02,2.88,1.52,1.27,0.99,0.56,2.06,1.4,C,Y,Medium,East,Spring,0
4.64,4.73,1.34,0.25,0.56,1.76,1.7,0.23,B,Z,High,East,Fall,0
6.19,4.26,1.63,1.54,0.6,2.45,2.85,0.27,D,X,High,South,Fall,0
6.77,4.41,4.51,0.46,2.31,1.16,2.53,1.45,A,X,High,South,Winter,2
6.61,2.05,4.27,1.26,0.15,0.74,3.97,0.56,B,X,High,North,Fall,2
4.9,4.89,2.4,1.12,1.72,1.64,3.95,1.34,B,Y,Medium,East,Spring,0
6.85,4.18,4.83,2.34,1.2,2.31,2.91,0.71,B,Y,Low,West,Winter,2
4.95,2.91,5.92,2.43,1.57,2.07,2.33,0.35,C,X,Medium,West,Fall,2
5.3,4.49,1.25,0.54,1.73,1.75,2.47,0.3,A,Y,Low,North,Fall,0
6.99,2.84,3.99,1.16,1.01,1.13,3.05,0.4,C,X,Medium,East,Spring,1
6.6,4.62,5.14,1.18,0.96,1.58,1.3,0.52,D,X,Low,East,Winter,1
7.4,2.34,2.51,0.54,2.23,0.68,1.99,0.84,C,Y,Low,West,Winter,0
6.63,4.11,2.85,2.42,2.63,1.86,1.23,1.11,D,X,High,South,Winter,2
6.27,3.62,4.68,2.15,0.66,1.95,1.22,1.48,B,Y,Low,East,Winter,1
4.37,2.29,6.39,0.65,0.38,2.43,1.59,0.77,B,Z,Medium,North,Summer,1
5.47,2.73,5.86,1.16,2.7,1.02,2.46,0.87,B,Z,Low,East,Winter,1
5.06,2.04,4.5,0.41,1.11,0.54,3.35,0.88,A,X,Medium,South,Summer,0
4.98,3.41,5.38,1.92,1.7,1.59,2.46,0.9,D,Y,Medium,West,Spring,1
7.89,2.9,3.19,0.45,1.14,1.91,2.01,0.87,A,Y,High,West,Fall,2
5.57,3.8,4.85,2.96,0.46,2.08,1.25,0.21,D,Z,High,South,Fall,1
7.57,2.89,3.8,2.36,1.81,0.89,2.65,0.2,A,Z,Medium,East,Summer,2
6.52,2.9,2.14,1.23,1.62,1.02,1.81,0.33,C,X,Low,North,Spring,0
7.18,4.23,5.21,1.78,0.69,1.53,2.84,0.33,A,X,Low,South,Spring,2
6.01,2.14,4.34,2.74,1.41,1.16,3.93,1.12,A,Y,Medium,South,Summer,2
6.31,4.71,3.15,1.71,2.41,2.22,1.33,0.47,C,Y,Low,North,Spring,1
5.97,4.56,6.47,0.61,1.81,1.45,1.64,1.36,A,X,Low,West,Spring,2
4.78,4.0,1.13,1.2,0.38,2.1,2.42,1.41,C,X,High,North,Summer,1
6.89,3.78,2.89,2.55,1.69,1.66,3.91,1.47,B,Y,High,East,Winter,2
5.12,4.68,1.34,1.97,2.14,2.05,3.32,1.42,A,X,High,West,Winter,2
4.1,2.56,5.6,1.99,2.4,1.17,3.69,0.55,D,X,Low,West,Summer,2
6.58,2.24,5.21,2.61,1.92,2.16,2.0,0.86,B,X,Low,West,Winter,2
4.71,2.72,2.99,2.69,0.54,1.05,3.98,0.43,C,X,High,North,Fall,1
7.76,4.38,5.05,2.77,2.16,1.59,1.31,1.25,B,Y,High,West,Summer,2
7.82,2.1,3.38,0.38,2.06,0.93,1.16,1.35,C,X,Low,South,Summer,1
7.66,3.75,5.54,1.68,0.17,1.45,3.57,1.31,B,X,Low,West,Summer,2
5.48,4.99,3.73,2.25,1.29,1.14,3.78,0.76,A,X,Low,East,Spring,2
4.06,4.57,3.47,2.3,1.07,1.03,1.27,1.19,B,X,Medium,West,Summer,1
7.71,3.56,6.61,1.86,2.04,2.43,1.34,0.33,B,Y,High,North,Fall,2
5.71,2.19,2.51,0.58,0.73,0.82,1.1,0.25,B,X,Medium,East,Fall,0
7.87,4.49,1.72,2.41,1.81,2.07,1.31,1.18,C,Y,High,West,Winter,1
7.85,3.8,4.51,2.19,2.75,2.47,1.63,0.75,C,X,Low,West,Summer,2
7.41,2.34,6.82,0.35,2.41,0.54,3.91,1.49,A,X,Medium,North,Fall,2
5.18,2.28,3.27,1.45,2.77,1.9,3.0,0.33,B,X,Low,West,Fall,1
5.54,4.73,1.37,0.6,2.94,1.01,3.34,1.31,B,X,Medium,North,Winter,1
7.4,4.01,3.04,1.08,0.13,0.58,3.33,0.82,A,Y,Low,East,Summer,1
5.27,4.49,4.04,0.15,1.91,1.31,2.61,1.28,A,Y,Medium,East,Winter,1
4.68,4.64,1.97,1.26,1.3,2.37,3.39,1.26,A,Z,Medium,North,Winter,0
6.23,3.72,4.95,1.69,2.59,0.52,2.79,1.39,D,X,Medium,North,Fall,2
7.74,3.55,6.99,1.9,0.83,1.68,1.94,0.59,C,X,High,West,Fall,2
6.78,3.29,3.71,2.02,2.94,1.5,2.68,1.43,A,X,Low,South,Spring,2
6.28,2.95,3.13,2.53,1.88,2.25,2.6,0.4,A,Z,Medium,North,Winter,2
4.39,3.3,3.4,0.72,2.4,0.67,3.47,0.31,C,X,Medium,West,Spring,0
6.46,4.32,1.69,0.45,0.35,1.86,3.95,0.76,B,Y,Low,West,Fall,0
7.96,3.81,6.3,2.57,0.63,1.86,2.23,1.28,C,X,Low,East,Summer,2
4.56,4.68,3.49,0.55,2.3,1.84,3.29,0.82,D,X,Medium,North,Summer,0
6.07,3.33,3.32,2.93,0.16,2.38,1.3,1.28,B,Z,Low,North,Fall,1
7.51,3.82,4.96,2.54,2.47,2.15,3.33,1.15,A,Y,High,East,Winter,2
6.96,3.89,3.65,1.55,0.14,0.58,2.11,0.47,C,Z,High,East,Summer,1
6.79,3.78,4.89,2.95,2.01,1.44,1.12,1.43,D,Y,Medium,East,Winter,2
6.81,4.11,1.37,0.38,1.16,1.3,2.09,0.28,B,Y,Medium,West,Fall,0
5.44,2.71,5.88,0.98,1.87,1.12,2.83,1.37,C,X,Medium,South,Spring,2
5.17,3.54,6.64,1.95,2.12,1.4,1.36,0.6,B,Y,Medium,North,Spring,2
7.24,2.31,4.89,1.12,1.09,1.27,3.77,0.85,B,X,Medium,West,Fall,2
7.24,3.15,6.73,2.79,0.41,1.36,1.23,0.75,C,Y,Low,East,Spring,2
7.47,3.46,1.91,0.29,0.3,2.46,3.79,0.42,D,Y,Medium,East,Summer,0
7.65,3.96,3.86,1.69,1.81,0.68,3.12,0.67,C,Z,Low,West,Spring,1
6.05,4.85,4.61,1.81,1.61,2.34,1.99,0.45,C,Y,Low,West,Summer,2
6.01,3.8,4.49,1.99,2.25,1.46,2.17,0.47,A,Y,High,East,Fall,2
7.19,4.23,3.41,0.84,1.58,1.75,3.22,0.44,A,X,High,South,Summer,2
6.6,3.52,3.03,1.16,1.33,2.16,2.8,0.84,B,X,Medium,West,Spring,1
6.81,3.9,1.76,2.55,1.25,1.22,3.01,1.24,A,X,Low,East,Summer,2
7.18,2.21,3.35,0.67,0.18,1.36,2.17,0.94,C,Y,High,South,Summer,1
7.56,2.76,1.98,2.5,1.07,1.32,2.46,1.36,A,Z,High,East,Spring,2
5.35,3.09,5.41,1.73,2.93,1.25,3.97,1.03,C,X,Low,South,Fall,2
5.5,3.42,2.25,2.31,2.63,2.35,1.64,1.1,C,X,Medium,West,Fall,1
4.38,2.14,1.35,2.17,1.06,2.16,2.25,1.07,B,Y,High,South,Spring,0
6.31,2.42,4.31,0.7,1.8,0.72,1.88,0.78,A,Z,High,West,Summer,1
4.14,2.83,4.57,1.75,2.56,0.72,3.3,1.1,C,Y,Low,West,Summer,0
5.86,4.91,6.23,2.62,1.38,1.36,3.29,0.29,D,X,Low,West,Summer,2
6.17,2.99,4.46,1.35,0.15,0.7,1.88,1.32,C,Z,High,East,Fall,1
5.15,3.45,3.07,2.9,0.32,1.74,1.24,1.21,A,Z,Medium,West,Summer,1
6.36,2.59,5.82,1.41,1.58,0.79,1.03,0.52,A,X,Low,South,Summer,2
4.12,3.83,4.24,0.51,2.91,1.54,2.28,1.2,B,Z,Low,North,Winter,0
4.15,2.84,1.48,1.23,2.11,0.51,2.23,0.22,A,Y,Low,West,Spring,0
7.29,2.62,4.4,2.86,0.31,1.13,3.97,0.48,C,X,Medium,South,Fall,2
5.44,3.55,6.45,1.03,0.65,1.85,2.41,0.28,C,Y,Low,North,Fall,1
4.51,2.02,3.38,2.62,2.34,1.47,1.77,1.21,A,Z,Medium,North,Summer,1
6.09,2.02,2.78,2.66,2.54,2.46,3.67,1.18,B,Y,High,North,Fall,2
7.08,2.66,1.86,1.12,1.89,2.25,2.47,1.26,A,X,Low,West,Fall,1
4.86,2.11,1.91,0.34,1.97,1.22,2.8,0.21,D,Z,Medium,East,Summer,0
6.49,2.32,3.6,2.2,0.18,0.59,1.29,0.85,B,X,Low,North,Fall,0
4.34,3.02,4.57,1.0,2.5,2.19,2.15,1.12,C,Y,High,West,Winter,1
4.21,4.41,1.48,2.37,2.39,2.32,3.83,0.4,B,Y,Low,South,Winter,1
6.13,3.72,6.64,1.38,0.85,2.14,2.77,1.04,C,X,High,West,Fall,2
6.16,3.54,5.53,1.51,2.16,0.76,2.03,0.31,B,X,Medium,South,Winter,2
6.55,2.88,4.52,2.36,0.72,2.5,2.88,0.44,B,Z,High,East,Spring,2
6.9,4.8,5.97,1.21,0.22,1.02,3.73,0.82,C,Y,Medium,South,Fall,1
7.9,3.19,1.48,1.39,0.68,1.95,1.82,1.05,B,Y,Low,South,Spring,0
6.07,2.26,3.86,1.19,0.62,2.32,2.52,0.39,A,Y,Medium,West,Spring,1
5.29,3.85,4.78,1.17,1.08,0.97,3.88,0.44,A,Y,High,North,Fall,2
7.18,2.34,5.97,1.63,1.31,2.32,1.52,0.47,B,Y,Medium,West,Fall,2
5.08,3.04,5.7,2.45,1.57,1.12,3.16,0.51,B,X,Low,East,Summer,2
5.76,3.52,2.66,1.15,1.48,2.45,2.84,0.49,C,X,Medium,South,Fall,1
4.31,4.62,6.65,1.62,0.88,1.06,3.04,0.71,D,Z,High,East,Summer,2
4.1,3.48,1.75,2.05,0.18,2.41,2.05,1.05,A,Y,High,North,Summer,0
7.85,4.11,6.25,0.88,1.85,0.61,1.94,0.77,A,X,Low,East,Summer,2
7.34,4.98,6.83,0.9,1.25,1.92,3.05,1.21,A,Z,Medium,West,Summer,2
6.78,2.39,2.06,2.81,0.97,1.56,1.65,1.14,B,Z,High,North,Summer,1
5.64,2.82,5.33,2.2,2.61,1.46,2.26,0.36,B,X,Low,East,Fall,2
4.69,3.18,1.24,1.77,2.27,0.95,1.56,0.26,C,Z,Medium,South,Spring,0
4.63,3.27,3.43,1.98,2.59,1.91,1.02,1.34,A,Y,High,East,Spring,1
5.0,3.23,4.1,0.18,1.54,0.88,3.91,0.3,B,X,Low,North,Fall,0
6.2,4.72,4.48,1.89,0.48,1.61,2.3,0.39,D,X,Medium,South,Fall,0
6.86,4.14,6.62,1.58,2.12,1.01,3.91,0.23,D,Y,Medium,West,Summer,2
6.64,3.82,5.03,1.68,0.7,2.41,1.42,1.02,D,Z,Medium,North,Spring,2
5.12,2.93,3.89,1.14,1.38,0.56,2.76,0.96,C,X,Low,East,Summer,1
7.82,4.47,5.86,0.34,0.29,0.9,1.6,1.48,D,X,High,East,Winter,2
6.95,4.87,6.7,0.66,2.49,0.98,3.37,1.35,A,X,High,East,Winter,2
6.22,4.46,1.13,2.86,0.47,1.33,3.35,0.73,A,Y,High,East,Fall,2
6.45,2.0,6.9,1.29,2.72,0.97,1.34,0.68,A,X,Low,East,Spring,2
5.68,3.91,1.52,1.45,2.61,1.48,3.74,0.59,C,X,Medium,North,Fall,1
4.99,2.15,5.89,0.25,1.45,2.24,1.58,0.4,D,Y,Medium,West,Spring,0
5.42,2.77,2.68,0.21,2.26,1.92,2.84,0.38,A,Z,High,West,Summer,0
7.03,2.18,1.79,2.18,1.9,1.66,3.96,0.37,C,Y,Medium,North,Spring,1
4.06,3.81,3.64,1.66,2.43,0.68,3.65,0.35,C,X,Low,South,Winter,1
4.46,4.06,4.86,1.58,1.35,1.89,3.87,0.51,D,Y,Medium,West,Fall,1
4.18,2.34,3.29,0.81,2.38,0.83,2.03,0.6,C,X,Low,West,Fall,0
4.16,3.15,1.33,2.26,1.44,2.07,1.32,1.45,D,Z,Medium,West,Fall,0
7.42,3.37,4.6,0.59,2.83,1.0,1.57,0.95,B,Z,Low,West,Spring,1
6.81,3.11,6.41,0.65,1.51,1.33,2.5,1.48,B,X,High,North,Summer,2
5.9,2.36,3.3,1.44,1.44,1.2,3.38,0.68,B,X,Medium,West,Fall,1
4.39,3.26,2.3,0.93,2.38,2.22,1.45,0.79,B,Y,Low,West,Fall,0
5.97,4.25,3.66,0.82,2.48,0.75,2.98,0.62,A,Y,Low,South,Winter,1
5.89,2.21,1.29,1.97,1.71,1.63,1.97,0.44,C,Y,High,South,Summer,1
4.69,2.24,5.92,1.99,0.62,0.78,2.02,0.39,C,Z,Medium,South,Winter,1
5.74,3.06,5.96,2.49,1.46,1.91,2.99,1.43,C,Z,High,East,Summer,2
5.59,4.83,4.53,1.31,2.91,2.31,2.4,1.48,B,Y,Low,South,Fall,2
6.46,4.01,3.12,0.31,2.28,1.37,3.44,0.26,B,Z,Medium,North,Summer,0
6.54,4.04,5.8,0.89,2.45,1.48,1.47,0.4,B,Z,Medium,North,Winter,2
4.18,3.09,4.33,2.94,0.2,2.35,3.37,0.75,A,Z,High,South,Spring,2
5.5,3.78,5.96,1.83,1.46,1.54,1.19,0.44,B,Z,Low,South,Fall,1
6.5,2.03,4.79,2.16,1.98,1.48,1.58,0.67,A,X,Medium,West,Fall,2
6.01,3.91,5.71,0.12,2.51,1.66,2.97,0.37,A,X,High,North,Spring,2
7.43,4.74,4.59,1.6,0.24,1.88,3.56,0.79,C,Z,Medium,West,Spring,2
6.63,3.84,3.48,0.21,2.57,0.71,1.76,0.55,A,Z,High,West,Winter,2
4.65,4.62,6.75,1.75,1.69,2.14,1.98,0.66,D,Z,Medium,West,Spring,2
4.28,4.17,4.25,2.77,0.67,1.37,2.61,0.32,B,X,Low,East,Spring,2
6.57,2.36,4.63,2.91,1.02,0.64,1.63,0.76,D,Y,Low,North,Winter,1
4.11,4.71,2.32,1.67,0.92,2.07,3.43,1.48,A,X,Medium,South,Fall,1
6.34,2.2,4.75,1.43,1.64,1.25,3.32,0.63,B,Y,Low,North,Summer,1
7.76,3.6,4.43,2.84,0.25,0.7,1.44,1.34,B,X,Medium,West,Fall,2
6.3,2.43,2.11,2.05,0.56,1.77,2.39,1.3,C,X,High,South,Fall,1
5.55,2.04,1.36,0.29,2.46,2.26,3.32,1.44,B,X,Low,East,Winter,0
6.57,3.27,4.63,1.45,0.48,2.28,2.01,1.23,A,Y,Medium,West,Fall,2
5.83,2.89,5.58,0.8,0.78,2.42,2.9,1.06,D,X,Medium,West,Winter,1
6.18,3.46,4.14,1.46,1.41,2.24,1.15,1.31,B,X,Low,West,Spring,1
7.77,3.73,2.36,1.42,1.6,0.5,2.83,0.3,A,X,High,East,Fall,2
5.54,2.13,5.0,1.79,2.31,1.26,1.46,0.8,B,X,Low,South,Spring,1
7.84,2.37,1.48,1.13,1.4,2.14,3.49,1.49,C,Z,Low,East,Spring,0
7.62,3.68,3.65,0.58,2.39,1.23,2.07,1.2,A,X,Medium,North,Fall,2
4.78,3.03,1.98,1.56,1.89,1.7,1.84,1.45,B,X,High,West,Spring,1
4.28,4.19,2.11,2.51,0.43,1.71,3.52,1.21,A,Z,Medium,East,Fall,1
4.4,3.96,2.21,2.03,0.55,1.23,1.15,1.34,B,Y,High,North,Winter,0
4.07,4.54,3.32,1.08,1.37,2.31,2.19,1.12,C,Y,Medium,West,Summer,0
4.38,4.08,1.31,2.81,1.25,1.51,2.11,1.19,B,Y,Low,South,Spring,0
6.73,3.29,3.39,2.75,2.26,1.43,1.85,0.88,B,Z,Medium,West,Fall,1
4.28,4.02,4.07,0.71,1.78,2.5,3.74,1.4,A,X,Medium,West,Winter,2
5.28,2.83,3.9,0.21,1.23,1.49,3.25,1.27,A,Z,Medium,West,Fall,1
7.38,2.92,3.3,2.25,0.6,0.86,1.19,1.3,A,Z,Medium,North,Fall,2
4.09,4.37,6.03,2.5,0.76,1.53,3.14,1.07,B,Y,Low,North,Spring,2
7.26,3.34,1.87,2.91,1.77,2.13,2.58,0.6,B,Y,Medium,West,Spring,1
5.13,4.4,4.03,2.68,1.33,2.05,3.7,0.25,D,Y,Low,West,Fall,1
4.47,4.47,1.37,1.84,1.59,2.08,1.94,1.42,A,X,Medium,South,Spring,1
6.79,4.57,1.43,1.64,0.59,1.92,2.72,0.96,B,X,Medium,South,Winter,1
6.52,4.75,4.44,0.18,2.02,1.01,2.5,0.59,B,Z,High,North,Summer,2
7.51,3.29,4.4,0.82,2.57,2.22,2.47,0.39,B,Y,Medium,West,Fall,2
6.94,2.96,6.27,1.43,0.85,2.29,2.37,1.28,D,X,Medium,North,Winter,2
7.21,3.75,4.35,1.92,1.53,0.89,1.62,1.29,A,Z,High,North,Winter,2
5.13,3.11,6.76,1.72,2.93,0.76,3.27,1.26,A,Y,Low,East,Fall,2
4.71,3.8,1.29,2.25,1.07,2.45,2.35,1.04,C,X,Medium,North,Winter,1
7.0,4.12,1.59,0.91,1.83,2.24,3.88,0.68,B,Y,Low,West,Winter,0
7.23,4.07,1.26,1.74,0.36,2.29,1.78,0.6,A,Y,High,North,Winter,1
7.96,3.12,2.11,0.36,1.86,2.27,3.05,0.21,A,X,Medium,North,Winter,2
5.65,2.5,4.25,1.3,0.36,1.58,3.82,1.28,B,Z,High,East,Fall,1
5.49,3.29,4.87,2.28,2.88,1.79,2.99,0.31,C,X,High,South,Fall,2
7.11,2.43,1.27,2.11,2.18,1.59,3.61,1.02,A,Y,Low,North,Spring,1
5.36,4.67,6.68,2.97,2.39,0.6,3.48,0.86,B,X,High,South,Summer,2
7.72,3.04,6.05,0.91,2.14,1.99,2.08,0.88,B,Y,Medium,South,Spring,2
7.43,2.46,2.78,1.54,1.81,1.51,2.8,1.4,B,X,High,West,Spring,2
5.72,2.08,1.46,1.06,1.4,1.8,1.47,0.24,D,X,Medium,North,Summer,0
7.0,3.94,2.02,1.38,2.59,1.51,2.61,1.21,A,Z,Low,West,Spring,1
7.02,3.91,1.76,2.59,2.87,1.48,1.69,0.27,D,X,Medium,East,Winter,1
4.41,3.02,1.74,2.08,1.55,0.84,3.23,0.25,B,Z,Low,North,Winter,0
7.61,2.22,4.11,2.66,2.8,1.06,2.58,0.76,C,Y,Medium,North,Spring,2
6.02,3.23,2.48,0.69,1.79,0.82,2.23,0.28,B,Z,Low,East,Spring,0
7.31,2.93,3.15,2.63,1.66,0.89,1.81,1.23,B,Y,Low,North,Winter,0
5.28,4.03,6.94,0.27,1.42,2.45,4.0,0.89,D,X,Medium,South,Winter,1
7.58,3.82,5.11,2.68,0.71,0.81,1.22,0.24,D,X,Medium,North,Winter,2
5.56,3.09,6.69,1.05,0.11,1.04,1.13,0.25,A,Z,Low,East,Winter,1
4.04,2.65,1.86,1.01,0.8,1.68,1.65,1.0,A,Z,Medium,East,Winter,0
7.62,4.96,3.29,1.59,1.58,1.72,3.91,1.25,B,X,Low,North,Summer,2
4.37,3.36,4.33,2.83,1.2,0.81,3.94,0.77,D,Y,Medium,East,Summer,1
5.28,4.06,1.46,0.24,1.4,2.09,2.96,0.92,B,Y,High,West,Winter,0
7.8,2.42,1.03,1.12,2.94,2.07,3.64,1.24,C,Z,Low,North,Summer,0
7.8,3.46,5.02,2.58,1.12,0.97,1.64,0.99,C,Z,Medium,West,Winter,2
6.29,2.08,4.85,1.25,1.41,1.08,3.92,0.49,C,Z,Medium,East,Fall,1
6.53,3.52,3.46,0.68,0.49,2.38,1.43,1.0,B,Z,Medium,West,Winter,0
5.79,4.89,3.94,1.33,0.24,2.15,1.3,1.02,B,Z,High,North,Summer,1
5.17,3.15,3.49,1.22,2.35,1.9,1.34,1.15,D,X,Low,West,Fall,0
5.31,2.12,1.14,2.75,1.75,0.66,2.72,1.01,C,Z,Low,East,Fall,0
6.69,2.09,3.01,2.31,2.31,1.34,3.34,1.46,C,Y,Low,East,Winter,1
7.01,3.16,2.06,1.56,0.53,1.62,2.1,0.46,B,Z,Medium,East,Summer,0
7.17,2.48,1.59,2.97,1.76,0.87,3.93,1.44,C,Y,Medium,North,Winter,1
7.16,2.07,6.74,1.45,0.84,1.4,2.3,0.9,A,X,Low,West,Winter,2
4.36,4.27,4.6,0.27,0.76,1.7,1.45,1.07,A,Y,Medium,East,Fall,1
5.98,3.38,5.37,0.86,0.13,1.15,2.4,0.33,C,Y,Medium,North,Winter,1
4.23,2.87,2.89,1.36,0.48,2.06,3.04,0.69,B,X,Low,North,Fall,0
6.2,4.7,3.36,0.56,1.0,2.18,3.5,1.2,C,X,Medium,North,Spring,1
5.77,2.35,2.42,2.85,0.44,1.15,2.38,1.12,A,Y,Medium,East,Spring,1
7.55,4.87,1.58,2.32,2.96,2.18,2.78,0.25,B,X,High,East,Winter,2
5.4,2.94,2.07,0.88,1.0,0.71,1.8,0.91,B,X,High,South,Fall,0
4.47,4.67,5.79,1.81,0.48,2.18,2.94,0.31,B,X,High,South,Spring,2
4.57,3.81,5.07,2.19,0.68,0.81,3.96,1.49,A,Z,Low,East,Fall,1
7.05,4.48,4.28,2.83,1.8,0.67,1.15,1.37,C,Z,Medium,East,Summer,2
6.47,4.95,3.85,2.66,0.29,1.78,3.66,0.23,C,X,Medium,North,Spring,2
4.4,2.87,6.53,1.59,2.6,1.44,2.69,1.32,A,Z,Low,South,Fall,2
4.34,4.88,1.44,2.35,2.89,2.32,1.76,1.4,B,Y,Medium,North,Summer,1
6.8,3.17,2.68,1.73,0.82,1.23,3.86,0.66,C,X,Medium,West,Spring,1
4.29,3.16,3.1,1.7,1.41,1.07,2.45,1.14,C,X,High,East,Summer,1
7.29,3.02,5.69,0.43,0.16,1.5,2.0,0.77,C,Y,Low,West,Fall,1
6.82,3.62,6.96,0.47,1.96,1.41,1.54,1.05,C,Y,High,South,Spring,2
4.33,2.46,2.44,1.64,1.3,1.19,1.73,0.64,B,Z,High,West,Summer,0
4.34,3.66,6.25,0.88,0.88,1.89,3.5,0.62,B,Y,High,East,Summer,1
7.95,3.63,5.98,0.16,0.7,2.02,2.84,0.75,A,X,High,South,Spring,2
5.5,4.29,2.35,2.2,2.0,2.21,3.74,0.39,A,Z,High,North,Spring,2
5.48,4.5,3.4,0.19,1.31,2.45,1.7,1.28,C,X,Medium,East,Spring,1
7.25,3.32,3.46,1.83,0.62,1.03,1.36,0.65,A,Y,High,West,Spring,2
7.79,2.91,6.87,1.66,2.1,1.93,1.02,0.72,D,X,Medium,North,Winter,2
7.94,2.78,2.09,2.91,1.74,1.29,2.52,1.36,C,X,High,North,Summer,2
7.01,2.58,5.79,1.5,2.59,1.85,3.99,0.85,D,Y,High,East,Spring,2
5.51,2.17,3.01,0.28,0.44,1.45,3.08,0.91,D,X,Medium,West,Spring,0
4.33,3.03,5.39,1.7,2.38,2.49,1.93,1.44,B,Y,Low,East,Summer,2
7.11,2.81,3.52,2.54,2.05,1.96,3.63,1.35,C,X,Low,South,Winter,2
6.23,4.9,4.47,2.99,0.43,2.4,3.35,0.42,A,Y,Low,South,Summer,2
5.7,3.67,6.0,1.35,2.11,2.17,1.05,0.82,A,Y,Medium,South,Spring,2
7.63,3.04,5.82,1.03,1.38,2.31,3.45,1.46,C,X,Medium,West,Summer,2
4.44,3.74,6.2,2.73,2.84,2.13,1.9,0.68,A,Z,Medium,West,Fall,2
5.97,2.42,1.36,0.65,0.51,1.42,1.45,0.68,D,X,Medium,East,Spring,0
4.05,3.33,5.15,1.88,1.96,1.0,1.68,0.45,C,X,High,South,Fall,1
5.87,3.88,1.84,1.28,1.21,1.24,2.41,0.35,C,Y,Medium,West,Summer,0
4.23,3.47,3.49,0.22,2.87,0.54,2.27,1.16,A,Y,Medium,East,Spring,1
4.48,3.21,4.29,1.11,1.06,1.55,1.87,1.2,C,Y,Medium,West,Fall,0
4.47,4.98,3.42,0.87,2.89,1.51,1.52,1.46,A,X,Medium,East,Fall,1
6.6,4.64,4.12,2.09,2.71,1.55,3.29,1.21,C,Z,High,West,Fall,2
6.98,3.87,6.98,2.85,0.88,2.45,3.97,0.52,A,Y,Medium,West,Summer,2
6.33,3.71,1.81,0.88,2.43,2.32,3.33,0.25,C,X,High,South,Fall,1
7.85,3.86,5.05,2.45,2.99,0.82,1.89,1.48,A,X,Low,West,Summer,2
5.5,2.6,3.38,0.26,0.83,1.24,1.73,0.64,A,Z,High,North,Fall,1
5.14,3.19,1.8,1.66,1.37,1.35,1.65,0.61,B,Y,High,West,Fall,0
7.47,2.12,1.95,0.3,1.61,1.22,1.41,1.38,A,X,Low,West,Spring,0
4.89,3.43,6.7,2.81,0.96,2.1,2.65,0.96,C,X,Medium,South,Fall,2
7.85,3.63,6.28,2.32,0.14,1.55,2.82,0.48,A,X,High,East,Fall,2
4.05,2.68,6.44,2.01,0.74,1.64,3.12,1.36,B,Y,Medium,East,Summer,2
7.88,4.89,6.95,2.49,0.92,2.21,3.04,1.49,B,Z,High,West,Winter,2
4.17,4.73,2.25,1.98,1.39,2.11,1.88,0.31,A,Y,High,West,Winter,1
7.56,4.17,3.13,2.91,0.6,0.76,1.99,1.32,B,Y,High,East,Spring,2
6.11,3.6,5.02,2.17,2.63,1.93,3.04,0.71,C,Z,Medium,West,Winter,2
7.97,4.61,3.9,2.78,2.14,1.37,2.05,0.88,A,Y,Low,South,Summer,2
4.3,2.39,3.51,1.6,0.35,1.09,1.64,1.39,A,Y,Medium,North,Fall,1
6.22,4.37,3.15,0.44,1.99,0.6,2.12,1.47,B,X,Medium,South,Winter,1
7.88,2.37,4.56,1.63,2.0,1.47,1.82,0.54,B,Y,High,East,Fall,1
6.09,4.38,4.45,0.47,2.87,1.21,1.26,0.48,B,Y,Medium,North,Summer,1
6.52,2.83,1.97,1.82,0.11,1.0,3.49,0.3,B,X,Low,East,Winter,0
6.78,4.63,3.83,1.5,0.82,1.89,3.56,0.93,C,Z,High,South,Spring,2
5.82,4.83,4.32,1.91,2.79,2.04,1.66,0.22,A,Z,Low,West,Summer,2
6.51,2.45,4.42,0.13,2.8,0.99,1.19,0.74,B,Y,Medium,North,Summer,1
6.34,3.39,2.26,0.67,2.19,0.6,3.22,0.3,B,Y,Low,East,Winter,0
7.6,4.94,5.45,1.52,2.32,2.2,1.63,0.73,C,Y,Medium,East,Winter,2
4.18,3.45,1.15,2.86,0.37,0.52,2.18,0.25,D,X,Medium,West,Spring,0
5.12,4.59,3.13,1.21,1.59,2.37,1.19,1.29,B,X,Low,East,Winter,0
7.8,3.77,5.68,1.33,0.77,1.76,1.68,0.47,D,Z,Low,West,Summer,2
7.56,3.13,4.38,2.17,0.63,1.14,3.38,0.63,B,Y,High,West,Winter,2
5.82,2.86,2.57,1.85,2.45,0.99,3.41,1.33,A,Z,Low,East,Fall,1
6.48,2.61,5.17,0.97,0.49,0.52,1.62,1.17,A,X,High,South,Spring,2
5.11,4.29,4.4,1.29,1.46,0.97,2.01,0.48,B,Y,High,West,Spring,1
4.75,3.16,5.78,0.73,2.82,0.78,1.4,0.29,B,Y,Medium,East,Spring,1
5.85,3.53,5.41,2.9,0.64,1.72,1.22,1.13,A,Y,Low,South,Spring,2
5.41,3.48,4.66,0.48,2.94,0.83,3.98,0.71,B,Z,Low,East,Winter,1
6.33,3.73,3.93,1.18,2.98,1.56,2.97,1.2,B,Z,Medium,West,Spring,1
4.31,4.6,1.8,0.17,1.71,1.68,2.63,0.78,A,X,High,West,Winter,1
7.9,4.94,2.57,0.74,0.59,1.1,3.3,0.65,A,X,Medium,West,Fall,1
7.94,3.22,3.51,2.36,1.02,0.57,3.52,0.79,D,X,High,South,Fall,2
6.79,4.48,4.6,0.68,1.33,0.57,3.42,1.17,B,Y,Medium,South,Spring,1
6.14,4.29,4.08,0.33,1.0,0.55,1.05,1.37,C,X,Medium,North,Winter,1
5.24,3.72,2.73,1.48,0.91,1.98,1.56,0.26,C,Y,High,North,Fall,0
7.26,4.87,1.04,0.13,2.92,1.14,2.96,0.88,B,Y,Medium,West,Winter,0
6.74,2.6,3.98,0.35,0.54,2.09,2.13,0.24,A,Y,Medium,South,Winter,1
4.65,2.33,2.71,2.44,2.23,1.36,3.95,0.81,B,Z,Low,East,Spring,1
7.64,4.56,5.41,2.34,0.1,1.41,3.0,1.35,B,Y,Medium,East,Spring,2
7.29,3.32,1.14,2.75,1.83,1.53,3.87,0.67,B,Y,High,West,Winter,1
7.8,4.54,4.51,2.58,2.76,1.93,1.6,1.41,A,X,High,North,Winter,2
6.9,4.68,6.65,2.08,0.94,1.05,3.59,1.02,A,Y,High,South,Fall,2
6.45,2.19,2.05,0.25,0.64,0.74,1.96,1.41,D,Y,High,South,Summer,0
5.67,4.65,3.83,2.37,1.99,1.61,3.97,1.18,B,Y,Medium,South,Fall,2
7.73,3.34,1.55,2.55,2.17,1.15,1.47,0.33,C,Z,Low,West,Summer,1
7.46,3.53,4.75,2.42,2.1,1.38,2.55,0.5,B,Z,Medium,West,Spring,2
4.18,3.88,4.3,1.57,1.03,1.79,3.38,0.71,D,Z,Medium,South,Summer,1
4.11,4.78,3.44,0.78,0.83,1.49,2.3,0.42,B,X,Medium,West,Spring,0
5.51,2.06,4.13,2.55,2.87,1.74,2.4,0.84,B,Y,Medium,South,Summer,2
7.24,3.43,6.38,2.21,2.78,1.59,3.96,0.81,D,X,Low,West,Winter,2
7.95,4.06,2.18,2.94,1.43,1.98,2.28,1.44,C,X,Low,North,Winter,2
4.6,4.17,1.14,0.55,2.55,1.91,2.81,0.76,A,X,Medium,West,Winter,0
6.38,4.08,6.17,0.75,1.41,1.57,1.16,1.22,A,X,High,South,Winter,2
5.52,2.4,4.46,0.71,1.33,1.86,3.53,1.42,C,X,Low,North,Summer,1
7.88,2.9,6.34,2.4,0.55,2.25,2.94,1.34,C,Y,High,South,Winter,2
7.37,3.08,4.58,0.64,1.34,1.36,2.21,0.47,B,Z,Low,South,Winter,1
7.35,4.41,5.86,0.29,1.66,1.33,1.05,0.84,B,X,Low,East,Winter,2
5.87,2.84,3.58,3.0,0.17,2.03,2.78,0.65,C,Z,High,North,Fall,2
5.66,2.63,5.5,0.17,1.39,1.67,1.04,0.72,B,X,Low,East,Spring,1
5.09,4.87,6.48,2.52,2.37,0.64,1.0,0.67,C,X,Low,East,Spring,2
4.23,2.03,4.43,1.16,2.07,2.28,2.85,1.27,A,Y,Low,East,Spring,1
7.46,4.99,2.08,2.54,1.94,0.56,1.57,0.79,D,Y,Medium,West,Winter,0
7.25,4.03,2.61,1.71,2.74,2.0,1.58,0.88,C,X,High,North,Summer,2
8.0,4.49,2.19,2.71,0.15,2.02,2.96,1.48,C,X,Medium,East,Winter,2
7.99,2.88,2.48,2.79,1.72,2.41,1.16,0.28,B,Y,Medium,West,Summer,1
6.22,2.04,2.84,0.13,2.38,0.61,1.94,0.83,A,X,High,East,Fall,1
7.08,4.21,4.33,0.32,1.67,1.69,1.45,1.21,B,Y,Medium,East,Spring,1
7.78,4.5,4.53,0.83,1.04,1.36,2.74,0.4,C,Y,Medium,East,Spring,2
7.4,4.22,3.56,2.04,0.5,1.16,2.99,0.99,C,X,High,South,Summer,2
4.99,2.43,4.69,2.68,2.67,0.68,3.16,0.51,B,Z,Medium,East,Fall,2
5.8,4.26,1.49,1.43,1.47,1.63,1.77,1.33,C,X,High,West,Spring,1
4.52,4.31,1.53,1.86,2.65,1.46,1.27,0.63,C,Y,Low,North,Winter,0
7.82,3.98,2.03,0.65,1.8,0.71,1.24,0.63,A,Z,Medium,West,Summer,1
6.42,4.3,4.11,2.43,2.06,1.72,2.28,0.98,B,Z,High,North,Winter,2
4.91,4.54,2.28,2.91,2.43,1.98,3.84,0.44,C,Y,Low,South,Spring,2
6.69,3.84,2.7,0.88,2.01,2.03,1.65,0.57,B,Y,High,West,Fall,1
6.47,2.27,3.4,1.53,1.25,2.31,1.77,0.74,C,X,Medium,West,Summer,2
5.43,3.46,5.87,0.35,1.59,1.32,1.3,0.66,B,Y,Low,West,Winter,0
4.45,2.23,1.08,1.72,2.43,2.41,2.82,0.88,D,Y,Low,West,Summer,0
6.69,3.22,4.9,1.56,1.18,2.23,3.04,0.98,A,Y,High,South,Fall,2
6.08,3.22,5.01,0.52,1.23,1.09,2.93,0.94,B,Z,Low,East,Winter,0
7.09,2.2,5.79,1.38,0.38,0.82,3.58,1.05,A,X,Low,South,Spring,2
6.08,3.05,6.6,1.07,2.75,1.37,2.46,0.6,A,Z,Medium,South,Spring,2
7.41,2.33,1.12,1.61,0.36,1.3,1.4,0.36,B,Z,Medium,South,Winter,0
6.21,4.42,1.92,1.8,1.98,1.65,1.87,1.19,A,Y,High,East,Fall,1
6.24,4.84,6.32,0.12,1.3,1.67,2.99,1.31,D,Y,Medium,East,Summer,2
7.51,2.22,3.75,2.31,1.28,2.0,2.84,0.53,D,X,Medium,West,Summer,2
5.61,4.87,4.39,2.17,2.07,1.52,2.59,0.73,B,Z,Low,East,Spring,2
4.54,3.57,4.98,1.16,0.29,0.71,3.05,0.85,C,X,Medium,North,Spring,1
4.12,2.9,5.07,0.25,1.82,2.22,2.91,0.89,B,Y,Medium,East,Summer,0
7.02,2.23,6.59,2.29,2.34,1.12,3.64,1.06,C,Y,High,South,Winter,2
6.48,3.5,6.98,2.87,2.5,2.44,2.76,0.25,C,Z,High,South,Summer,2
6.82,4.38,5.32,0.8,0.59,0.74,3.34,1.14,A,Z,High,West,Fall,2
4.85,4.12,2.72,1.04,2.7,2.42,1.75,0.28,C,Y,High,East,Winter,1
4.55,2.15,6.28,0.63,2.0,0.68,3.03,0.81,C,X,Medium,West,Summer,0
4.06,2.22,1.3,1.77,2.66,0.96,3.71,1.28,B,X,Low,East,Fall,0
5.4,3.21,2.39,0.55,1.51,0.59,2.16,0.79,D,X,Medium,East,Winter,0
6.36,2.89,6.38,1.13,1.67,1.91,3.34,0.39,D,Z,Medium,West,Spring,1
5.57,2.7,2.54,2.12,2.77,2.2,3.17,1.48,B,Y,Medium,North,Summer,1
5.75,2.84,2.32,1.72,2.71,1.37,1.18,1.36,C,Z,Medium,North,Winter,0
7.62,4.41,1.83,1.22,1.4,2.36,2.74,1.2,D,Y,Medium,North,Winter,1
5.39,4.79,6.15,1.32,0.9,1.68,1.39,0.73,A,Y,Medium,South,Spring,2
6.06,3.22,4.0,1.73,1.24,1.76,3.9,0.44,B,X,Low,North,Spring,1
7.13,4.72,5.05,0.12,1.22,2.19,3.43,1.42,A,X,High,West,Summer,2
5.59,2.96,2.43,0.33,0.93,1.09,1.33,0.89,D,X,High,East,Summer,0
6.49,3.43,5.55,2.66,0.88,1.21,1.37,1.31,C,Y,Medium,East,Summer,2
7.45,2.68,5.56,0.33,2.6,2.31,2.78,0.64,A,X,Low,South,Fall,2
7.8,3.92,2.88,2.15,0.3,2.3,2.03,0.64,D,Y,Medium,South,Winter,1
4.59,4.94,3.46,2.77,2.07,2.45,1.1,1.48,C,Y,Low,South,Summer,1
7.71,3.81,2.26,0.88,0.6,2.3,2.62,0.88,D,Y,Medium,East,Winter,0
5.97,3.07,6.86,1.17,1.1,0.75,2.16,0.38,A,X,Medium,South,Spring,2
5.03,3.94,4.87,1.75,0.28,2.15,1.3,0.49,B,X,Low,East,Spring,2
5.84,2.37,6.61,2.66,0.88,1.32,3.41,0.83,C,X,Low,East,Fall,2
7.92,4.67,2.82,2.83,2.33,2.48,3.75,0.26,B,Y,High,West,Spring,2
5.97,3.51,5.69,2.24,2.67,1.44,3.27,0.8,C,X,Medium,North,Summer,2
5.32,3.35,5.6,0.35,0.74,1.61,3.47,0.74,C,Z,High,West,Winter,1
6.53,3.76,5.15,2.04,1.44,1.56,1.65,1.21,B,Z,Medium,East,Spring,2
4.96,3.87,6.79,1.29,1.46,1.14,1.79,0.66,C,X,Low,East,Fall,2
4.3,2.22,3.36,1.47,2.63,0.65,1.63,1.48,A,Y,Medium,South,Summer,1
4.52,4.05,1.78,0.24,2.31,2.29,3.3,0.44,A,Y,Medium,South,Spring,0
4.51,2.73,5.03,0.65,1.59,2.11,3.84,0.97,A,Y,Low,North,Fall,2
4.61,4.14,5.38,2.39,2.05,0.78,3.15,0.32,B,X,Medium,West,Winter,2
4.56,4.47,4.45,1.42,2.56,2.05,3.64,1.15,B,X,Medium,South,Summer,2
6.56,4.41,2.24,0.97,0.13,1.75,2.92,1.49,C,X,Low,West,Fall,0
4.73,3.66,4.03,1.21,1.27,1.32,2.16,1.26,C,X,Medium,South,Winter,1
5.38,3.56,2.87,2.58,2.73,1.01,2.28,0.92,B,Z,Medium,North,Winter,1
7.59,2.43,3.56,2.27,2.25,2.22,1.23,0.83,C,Y,High,East,Spring,2
5.9,4.33,4.87,0.89,1.67,1.9,1.09,1.29,A,Z,High,North,Fall,2
6.67,2.81,5.47,0.44,1.64,1.6,3.09,1.42,A,X,Medium,West,Fall,2
4.69,3.49,2.39,0.83,1.11,1.72,2.32,1.49,C,X,Medium,West,Fall,0
4.77,2.85,3.43,2.77,1.61,0.68,2.66,0.72,C,Y,Low,East,Summer,0
4.16,2.4,2.61,1.79,2.0,1.45,2.67,1.49,C,X,Low,East,Spring,0
4.68,3.89,2.19,1.65,1.31,0.89,1.83,0.4,B,X,Low,East,Fall,0
5.11,2.16,5.7,1.83,2.17,0.92,2.43,0.53,C,Y,Medium,West,Summer,2
4.71,4.25,6.46,1.16,2.6,1.82,2.41,0.32,C,X,Low,South,Fall,2
4.35,2.95,3.22,2.44,0.55,2.32,2.17,0.55,D,Y,Medium,West,Winter,0
4.48,2.0,5.51,1.62,1.41,1.31,3.46,1.2,A,X,Medium,East,Winter,2
5.84,3.53,6.38,0.44,1.28,0.92,2.35,1.31,B,Y,Low,West,Summer,1
4.83,2.14,6.08,0.47,2.09,1.8,2.81,1.21,C,Z,High,West,Summer,1
5.46,2.83,2.1,1.66,0.82,2.24,3.69,1.02,D,X,High,West,Fall,1
6.01,4.12,6.74,2.82,1.96,2.0,3.6,0.87,A,Z,Low,East,Fall,2
6.76,2.19,3.26,0.99,2.64,2.24,3.67,1.12,B,Y,Medium,North,Winter,1
4.16,4.52,3.04,2.62,1.31,1.57,1.81,0.71,B,Z,Medium,East,Fall,1
7.2,2.01,1.37,2.32,2.74,2.0,1.1,1.29,B,X,Medium,East,Summer,1
6.51,2.74,3.92,0.82,2.98,0.78,1.78,1.08,A,Y,Low,West,Fall,2
4.33,4.22,1.65,0.21,0.41,1.2,1.84,1.11,A,Y,Medium,North,Fall,0
7.49,2.95,2.49,0.4,0.78,1.28,3.73,0.9,B,Z,Medium,East,Fall,0
7.68,2.31,2.9,2.21,2.86,1.52,2.95,1.35,B,Y,High,North,Fall,2
4.24,3.08,5.85,0.68,2.88,2.36,1.25,0.53,A,Y,High,West,Spring,2
5.11,2.81,6.25,1.18,0.38,2.25,1.41,0.7,B,Z,Low,North,Spring,1
7.22,4.53,2.81,1.55,0.14,0.77,1.47,1.21,A,X,Medium,East,Summer,2
6.99,2.94,6.15,2.2,0.57,0.85,2.89,0.84,D,X,Medium,South,Summer,2
4.74,4.37,6.14,0.43,2.99,1.22,3.21,1.36,B,Y,Medium,South,Spring,2
4.84,4.68,5.59,1.28,0.62,1.08,3.58,0.65,C,Y,Low,West,Winter,1
5.48,3.3,1.88,1.51,1.56,1.73,3.82,0.68,B,Y,Medium,North,Summer,0
5.94,4.73,5.14,1.67,2.56,2.31,1.61,1.36,D,Y,Medium,North,Winter,2
6.47,3.13,6.67,2.47,0.16,2.42,1.93,0.8,B,Z,Medium,North,Spring,2
5.48,4.89,5.1,0.6,1.85,1.81,1.72,0.87,B,Y,High,East,Spring,2
5.85,2.27,2.99,2.44,0.9,2.18,2.08,0.63,B,X,Low,East,Summer,1
6.99,4.06,4.0,2.11,2.6,1.55,3.74,0.56,C,X,Low,South,Spring,2
4.15,3.48,4.87,1.71,0.92,0.92,2.73,1.05,B,Z,Low,East,Winter,1
5.01,3.16,4.06,2.13,2.09,1.55,3.21,0.36,A,Y,Low,North,Spring,1
6.85,3.9,1.72,1.29,2.06,1.61,2.47,1.34,A,Z,Low,West,Summer,1
7.58,4.11,2.87,0.5,0.74,1.98,1.09,1.21,C,X,Medium,West,Winter,0
6.05,2.01,5.81,2.03,0.2,0.94,1.19,0.45,B,Y,Low,West,Summer,1
6.13,2.5,6.17,1.62,1.29,1.24,2.61,1.1,A,Y,Medium,West,Spring,2
4.43,4.14,1.82,1.95,0.94,1.23,3.16,0.98,B,X,High,South,Summer,1
5.79,4.0,6.71,1.08,2.45,2.42,1.65,0.44,B,Y,Medium,South,Summer,2
6.13,4.9,2.97,2.73,2.42,1.39,3.17,0.56,C,Y,Low,East,Spring,2
4.97,4.28,4.97,1.8,1.43,2.01,3.43,0.73,A,Y,Medium,North,Summer,2
5.08,4.85,5.51,0.35,1.86,2.0,2.24,1.11,B,Z,Low,South,Winter,0
5.51,4.11,5.87,1.4,1.85,1.03,3.24,1.03,C,Z,High,North,Winter,2
4.08,2.89,6.67,2.29,2.5,1.64,2.21,0.89,C,Z,Medium,South,Spring,2
5.29,2.32,2.88,2.4,1.33,2.29,3.04,1.2,A,Z,Medium,East,Spring,2
4.85,4.35,6.15,1.53,0.9,1.45,3.29,1.19,C,Y,High,North,Summer,2
5.31,3.93,1.79,2.69,0.87,2.39,3.98,1.0,B,X,High,North,Fall,2
4.48,2.14,5.23,0.88,1.65,0.93,2.04,1.22,B,Z,High,East,Summer,1
7.56,3.08,5.45,1.29,1.4,0.65,2.23,0.63,D,Y,Low,North,Winter,1
6.37,4.87,5.07,2.71,1.38,2.28,1.5,1.35,D,X,High,West,Fall,2
6.72,3.5,2.51,2.7,0.36,2.2,1.61,1.0,B,Y,High,North,Spring,1
7.16,3.3,6.24,2.09,2.18,2.49,3.08,1.27,A,X,High,East,Fall,2
5.99,3.37,2.01,2.59,0.72,1.86,3.75,0.91,B,Y,Medium,South,Spring,1
4.35,2.63,1.32,0.36,0.67,2.37,2.18,0.48,A,X,Medium,North,Summer,0
6.15,3.11,5.3,2.61,1.3,2.15,1.54,0.91,A,X,Medium,South,Spring,2
6.35,3.11,3.85,1.03,0.76,2.19,1.86,0.68,B,Z,Medium,East,Spring,1
6.98,2.16,6.09,0.62,1.79,1.64,2.37,1.11,D,Z,High,West,Fall,1
5.73,4.3,3.3,0.79,1.18,1.26,1.87,0.82,D,Z,Low,East,Fall,0
4.51,3.25,2.01,1.31,1.4,2.37,1.7,1.29,B,Y,Low,North,Spring,0
5.14,4.47,6.02,0.83,1.66,1.36,3.21,1.08,B,Z,High,North,Winter,2
5.45,4.55,4.29,1.03,0.69,1.58,1.02,1.09,A,Z,Medium,South,Summer,1
6.58,2.64,2.14,0.49,0.55,1.39,2.62,0.48,A,Y,High,North,Spring,1
6.28,3.97,5.32,0.96,2.65,1.63,3.38,1.48,A,Z,High,South,Spring,2
5.42,3.42,4.07,1.76,1.36,1.44,1.8,1.29,C,X,Low,West,Fall,1
7.95,4.64,4.63,1.38,1.3,0.6,2.81,1.23,A,Z,Medium,East,Winter,2
6.42,2.65,3.77,1.11,0.2,2.26,3.01,0.63,D,Y,High,East,Fall,1
4.95,4.03,5.97,2.26,1.54,1.39,2.97,0.9,C,Y,Medium,East,Winter,2
4.41,3.82,5.98,2.69,1.71,1.68,2.34,0.38,A,X,Low,West,Summer,2
4.61,2.89,5.26,2.29,1.72,0.78,2.04,0.9,A,Y,Low,North,Summer,2
4.98,2.41,1.63,1.06,2.15,0.51,3.51,0.39,C,Y,Low,West,Fall,0
4.64,3.95,6.03,2.26,0.61,0.99,3.28,0.92,D,Z,Medium,West,Fall,1
4.75,4.22,5.03,0.54,0.83,1.91,1.96,1.04,C,Z,Medium,North,Summer,0
5.14,2.95,5.18,0.48,2.45,0.7,1.31,0.71,B,Z,Medium,South,Winter,0
4.69,3.93,3.18,1.1,2.85,2.32,1.22,0.85,B,X,High,West,Spring,2
7.59,3.19,6.28,2.44,0.49,0.93,1.28,1.34,B,Z,Medium,West,Summer,2
4.32,4.14,5.35,0.81,1.54,0.91,2.75,0.34,D,Y,Medium,South,Fall,0
6.1,2.6,1.68,0.28,0.72,0.86,1.15,1.23,C,Z,High,East,Fall,0
5.64,4.67,3.45,0.48,0.27,0.53,2.01,0.42,C,X,Low,South,Summer,0
7.93,2.86,6.32,2.59,1.04,2.04,3.26,0.25,B,Y,High,South,Summer,2
4.45,3.1,1.28,1.94,0.52,2.25,1.88,0.44,C,Z,Medium,South,Summer,0
5.59,2.17,6.77,0.83,2.16,1.73,3.29,1.19,B,Z,High,South,Fall,2
7.88,2.33,5.07,1.71,1.65,0.88,3.24,0.73,A,Y,Medium,East,Winter,2
7.46,3.55,4.79,1.63,0.52,1.07,1.74,1.33,B,Z,High,West,Fall,2
7.27,2.8,2.62,2.0,0.13,1.45,3.19,0.88,D,X,High,West,Summer,1
5.03,4.51,2.49,0.78,2.44,2.41,3.24,0.23,C,Y,Medium,North,Winter,1
4.68,2.04,6.65,2.61,0.61,0.99,2.19,1.13,A,Y,Medium,West,Winter,2
6.67,3.14,2.79,1.0,1.86,1.96,1.63,0.34,D,X,Medium,South,Summer,1
7.72,3.01,5.65,2.11,1.08,1.38,2.56,1.23,A,X,High,South,Spring,2
6.23,2.06,3.36,0.15,1.8,1.1,3.76,0.42,A,X,Medium,West,Summer,1
6.29,2.37,1.84,1.18,1.02,1.41,2.92,0.65,A,Y,Medium,South,Summer,0
5.12,3.24,1.06,1.12,0.35,0.64,1.52,1.19,B,X,Medium,North,Winter,0
7.08,3.48,4.27,1.68,0.75,2.1,3.05,1.44,B,Y,Low,North,Winter,2
4.75,3.21,6.85,0.31,0.65,0.99,2.28,0.68,B,X,Medium,South,Winter,1
5.29,3.59,3.21,2.39,1.34,1.95,2.77,1.28,C,Y,Medium,West,Summer,1
5.7,3.79,3.14,0.73,2.01,0.64,3.2,0.45,B,Y,Low,West,Fall,0
6.03,2.03,3.06,2.06,0.87,2.41,2.54,1.25,C,Y,Low,West,Summer,1
4.97,3.39,4.12,2.43,0.14,0.89,3.44,1.05,A,Y,Low,West,Spring,2
4.46,4.89,3.64,1.73,1.6,2.27,3.17,0.45,C,Y,Medium,East,Fall,2
6.44,3.56,6.28,2.25,1.86,2.12,2.85,0.59,C,X,Medium,West,Spring,2
5.15,4.03,4.03,2.02,2.89,2.44,1.45,0.37,C,Z,High,North,Fall,2
6.32,2.94,4.05,1.13,1.81,1.46,3.51,0.7,B,X,Medium,West,Fall,1
4.62,4.32,1.83,2.45,1.47,1.95,3.81,0.46,C,X,Low,South,Winter,1
5.92,4.32,6.9,0.95,1.76,1.24,1.41,1.04,A,Y,Medium,West,Spring,2
6.13,3.56,2.5,1.76,2.79,0.87,2.46,1.49,D,X,Low,North,Winter,1
4.21,4.93,1.44,2.26,2.5,1.39,1.78,0.22,A,Z,Medium,East,Winter,1
5.35,2.38,4.98,1.2,1.04,0.83,3.26,0.9,A,X,Medium,East,Winter,2
4.54,2.05,4.57,0.98,0.79,2.46,3.16,0.95,B,Y,Low,West,Winter,0
4.25,4.31,3.49,1.43,0.86,0.69,1.42,1.39,C,X,Low,West,Fall,0
7.96,4.42,3.53,2.47,1.56,1.68,3.63,0.86,A,X,Low,South,Summer,2
5.29,2.36,5.71,2.8,2.26,1.75,1.54,0.91,D,X,Low,East,Fall,2
7.24,2.8,2.17,1.68,1.56,1.58,3.39,0.81,D,Z,Medium,South,Fall,0
5.02,2.05,5.92,2.02,0.3,1.82,2.37,0.55,C,Z,Medium,North,Fall,2
6.73,2.88,4.89,2.72,2.2,0.73,1.98,0.27,B,Y,Low,North,Winter,2
7.04,4.32,3.51,0.39,2.44,1.61,1.47,0.73,C,Z,Medium,North,Summer,1
6.38,3.55,3.75,0.77,0.94,1.07,1.5,0.27,B,Y,High,East,Spring,1
5.89,3.04,2.54,2.16,2.03,2.38,2.99,0.92,B,Z,Medium,West,Fall,1
5.65,3.12,5.51,2.49,1.34,2.02,2.65,0.6,D,Z,Medium,West,Summer,2
5.4,2.0,4.08,2.59,2.68,2.45,1.37,0.89,D,X,High,North,Summer,2
7.72,2.9,2.93,1.3,2.55,0.58,1.34,0.37,D,Y,Low,North,Spring,0
7.32,3.94,4.58,0.36,1.62,1.07,1.22,1.41,A,Y,High,North,Summer,2
7.86,4.92,6.97,1.37,2.11,0.89,3.23,1.36,A,X,Medium,South,Winter,2
4.5,4.54,3.61,0.77,2.66,0.52,3.14,0.45,A,X,Low,North,Fall,1
6.92,2.07,6.52,0.94,1.54,0.98,1.18,0.65,B,Z,Medium,South,Spring,1
7.75,4.7,3.07,2.34,1.01,1.86,2.68,1.0,B,Z,Low,East,Summer,2
4.72,4.35,1.33,0.32,2.29,0.96,1.25,0.32,B,Z,Medium,East,Summer,0
4.27,4.34,2.23,2.5,0.74,1.52,3.71,0.66,C,Z,Low,East,Summer,1
6.96,3.37,3.51,1.34,1.23,2.28,3.72,0.53,C,Z,High,South,Summer,2
6.3,3.19,2.32,1.83,2.61,1.89,3.09,1.39,C,X,High,East,Winter,2
7.37,2.91,1.0,0.36,2.2,1.29,3.78,1.31,C,X,Low,West,Spring,0
4.56,2.2,6.49,1.08,1.27,1.24,3.43,0.95,A,X,Low,South,Fall,1
7.18,2.68,6.06,0.36,0.72,1.41,3.49,0.88,A,X,High,North,Winter,2
4.81,2.74,5.45,2.89,1.13,0.85,2.71,1.41,C,X,Low,South,Winter,2
4.65,3.45,2.01,2.44,0.92,1.77,1.92,1.41,B,Y,Medium,North,Spring,1
4.66,4.24,1.72,1.43,0.61,1.23,1.65,1.46,B,Z,Low,South,Fall,0
7.26,3.42,1.41,0.75,2.26,2.2,1.98,0.36,A,Z,Medium,North,Spring,1
6.66,2.17,5.34,2.81,0.83,2.01,2.89,0.41,A,Y,Medium,South,Summer,2
6.09,4.87,6.57,1.1,1.42,1.72,1.52,1.08,C,Z,Medium,North,Spring,2
5.44,4.83,3.58,0.57,1.22,1.23,1.78,0.9,D,Y,Medium,East,Winter,0
7.51,4.36,1.71,1.73,2.95,0.92,2.4,0.22,D,Z,Medium,North,Spring,1
5.57,4.97,4.07,2.84,1.23,2.05,1.7,0.28,B,Y,Medium,East,Fall,2
7.27,3.63,3.09,0.11,0.33,1.47,2.77,1.35,B,X,High,North,Fall,1
5.76,4.89,3.25,0.79,0.36,0.95,3.77,1.33,C,Z,High,North,Winter,1
5.51,2.23,4.73,2.82,1.81,0.89,3.24,0.66,B,X,High,West,Fall,2
5.85,3.1,5.31,0.6,1.84,0.83,3.0,1.36,B,Y,Low,East,Summer,1
5.21,2.68,1.66,0.43,1.31,2.05,2.75,0.97,D,X,Medium,North,Spring,0
6.99,2.59,1.21,1.75,1.35,0.96,2.46,1.25,C,Y,Low,East,Spring,0
6.01,2.42,6.97,2.6,0.26,1.55,1.56,0.76,D,Z,Low,East,Winter,1
4.93,3.87,2.4,1.48,1.6,1.4,3.68,0.35,A,X,Medium,South,Fall,1
7.6,4.34,1.32,2.98,1.56,1.66,1.75,0.76,B,Z,Low,South,Fall,1
5.54,3.73,2.14,2.07,0.53,2.25,1.27,0.79,C,X,Medium,West,Spring,1
6.17,2.44,1.23,0.31,0.4,2.24,3.25,0.92,A,X,High,North,Winter,0
7.63,4.43,3.35,2.98,0.46,1.4,1.53,0.34,C,X,Medium,South,Fall,2
6.5,3.91,5.81,1.28,0.39,0.53,2.12,1.49,A,Z,Medium,South,Winter,1
4.47,3.16,3.05,0.93,1.87,1.35,1.08,0.52,C,X,Low,West,Fall,0
7.76,4.02,3.67,1.72,0.67,1.71,1.41,0.46,C,Y,Medium,West,Summer,1
6.51,2.78,5.05,0.98,0.83,1.62,1.52,0.88,A,X,High,West,Summer,2
5.34,3.04,4.05,0.35,0.6,1.8,1.16,0.9,B,X,Low,West,Spring,0
4.56,4.75,6.17,0.1,2.88,0.81,2.97,0.77,C,Z,Medium,West,Fall,1
7.18,2.87,6.2,1.4,2.58,1.79,3.51,1.2,C,X,High,East,Fall,2
6.48,3.41,1.06,2.53,0.77,0.87,2.12,0.87,B,X,Medium,West,Spring,0
6.13,4.67,5.67,1.76,1.05,2.0,3.62,0.99,D,X,Low,West,Spring,2
7.58,4.12,3.76,3.0,0.71,1.18,1.64,1.14,B,Y,Low,North,Spring,2
7.15,2.19,6.93,0.93,1.53,1.92,1.98,0.23,B,Y,Medium,East,Winter,2
4.61,2.44,3.9,0.91,0.16,0.6,1.45,0.94,A,X,Medium,East,Spring,1
5.25,2.02,6.92,0.56,2.05,1.32,2.86,1.35,D,X,High,West,Summer,2
4.99,3.89,5.53,0.58,1.62,1.91,2.26,0.22,A,Y,Medium,West,Summer,1
6.98,3.34,2.49,0.93,2.71,0.95,2.84,0.73,B,X,Low,West,Summer,1
4.13,2.4,4.23,2.4,0.58,2.09,3.29,1.4,C,Z,Medium,West,Fall,1
6.28,4.87,6.95,2.73,2.43,1.76,2.64,0.66,A,Z,High,East,Winter,2
7.05,3.59,6.15,2.93,2.4,1.68,2.88,0.8,B,Y,Low,North,Spring,2
7.51,2.73,1.58,0.77,0.47,1.21,3.81,1.48,A,X,Low,North,Fall,0
5.37,3.5,5.24,2.66,1.26,1.46,1.9,0.46,C,Y,Medium,East,Summer,2
7.29,4.04,3.07,1.05,0.59,1.69,2.08,0.28,B,Z,High,South,Winter,1
4.44,2.23,1.04,0.43,0.84,1.44,3.15,1.32,D,Y,High,South,Summer,0
7.39,2.82,3.42,2.62,0.86,1.9,2.83,1.33,D,Z,High,South,Spring,1
4.51,4.42,2.41,1.94,1.71,1.37,1.54,0.81,C,Y,Medium,West,Fall,0
5.59,3.38,5.91,0.58,1.29,0.9,2.13,0.87,C,Y,High,South,Spring,2
7.19,3.64,3.02,1.35,2.85,0.93,2.4,1.29,B,X,Low,West,Spring,2
4.6,3.3,5.97,0.93,0.47,0.51,2.26,1.16,B,Y,Low,West,Fall,0
4.92,2.13,1.0,2.24,2.92,1.1,1.53,0.54,C,X,Medium,South,Fall,0
6.89,2.5,2.85,1.41,0.77,2.0,3.77,0.22,D,Z,Medium,South,Summer,1
6.88,3.34,2.45,2.97,2.34,2.09,3.29,0.82,B,Z,Low,West,Fall,2
6.56,2.63,2.4,0.26,1.08,0.9,2.44,1.32,B,Z,Low,East,Fall,0
6.78,2.15,1.41,1.13,0.51,2.42,3.04,1.36,B,Y,Low,South,Fall,0
6.17,4.53,2.12,1.5,2.59,1.5,3.69,1.44,B,X,High,North,Fall,2
5.01,4.94,4.33,1.56,1.0,2.33,1.41,1.34,A,X,High,South,Fall,2
5.38,4.38,2.75,1.02,2.01,1.91,1.75,0.95,B,Y,Low,North,Spring,0
4.73,4.56,3.5,2.21,1.74,1.94,2.63,0.78,B,Z,Medium,South,Summer,1
7.63,2.73,3.26,2.64,1.47,0.67,3.4,1.21,B,Y,High,South,Summer,2
6.33,4.88,6.26,2.82,1.54,0.94,1.11,1.16,B,X,Medium,East,Summer,2
5.6,2.59,6.43,2.43,2.22,0.52,3.95,0.9,C,Z,Low,West,Winter,2
5.85,4.85,3.96,2.57,0.35,1.93,2.36,0.31,D,Z,High,East,Summer,2
7.79,4.98,2.98,1.7,2.04,1.19,2.08,1.4,D,Y,Low,West,Spring,1
4.61,4.14,1.64,2.5,2.7,2.07,1.88,0.79,B,Y,High,West,Summer,1
6.34,4.94,6.72,0.98,0.27,1.18,1.52,0.67,A,Z,Low,East,Spring,2
6.02,3.71,1.36,1.26,0.51,2.14,3.37,1.02,D,Y,Medium,South,Fall,0
6.45,2.78,2.79,1.02,2.18,0.76,3.87,1.08,C,Z,Medium,South,Summer,0
4.07,3.31,2.79,1.46,1.37,0.85,2.24,0.47,B,X,Low,West,Fall,0
7.49,3.78,2.92,0.93,1.27,1.18,3.86,1.29,A,Y,Low,West,Summer,1
7.73,2.22,1.99,2.89,0.5,1.32,3.47,0.58,A,Y,Low,South,Winter,1
6.26,3.87,5.7,1.01,1.57,1.2,2.44,0.44,A,Z,Medium,North,Winter,2
6.79,4.94,1.73,0.38,0.47,2.03,3.02,0.73,A,Z,Medium,West,Fall,0
7.69,2.57,4.81,1.63,1.48,0.69,2.3,1.15,D,Z,Medium,South,Winter,1
6.83,4.38,1.74,0.27,2.31,1.2,2.68,1.46,B,Y,Medium,North,Fall,0
4.61,4.72,1.42,0.42,0.85,2.17,1.17,1.25,C,Z,Low,West,Winter,0
6.31,4.83,6.46,0.74,1.49,0.63,3.09,1.42,C,Y,High,East,Winter,2
6.43,4.88,2.14,1.45,2.98,2.38,1.16,0.38,C,Y,High,East,Winter,2
5.7,3.56,5.93,1.36,2.09,2.47,3.45,0.29,D,X,Medium,West,Fall,2
6.95,4.93,4.27,2.42,2.54,0.68,3.47,0.93,D,Z,High,East,Winter,2
7.74,4.27,1.47,2.24,1.3,1.08,1.71,0.58,B,Z,Low,East,Fall,1
7.7,2.49,6.73,1.34,2.33,1.24,1.97,1.28,D,X,Medium,South,Summer,2
5.8,3.43,2.48,1.07,0.22,2.05,2.44,1.07,C,X,Medium,South,Summer,0
4.45,4.15,6.16,1.02,0.46,1.69,2.79,1.46,A,Z,Low,West,Winter,1
7.94,2.74,2.01,2.34,0.69,1.79,1.86,0.53,C,Y,Medium,South,Spring,1
7.36,3.92,6.12,0.25,1.27,2.02,2.78,0.83,C,Z,Medium,North,Fall,2
4.5,4.0,1.08,0.14,2.55,0.74,1.89,0.85,D,X,High,North,Summer,0
7.68,2.49,4.07,2.41,1.1,2.17,1.17,0.51,B,X,Medium,South,Summer,2
7.48,3.7,5.62,1.48,2.0,1.91,1.01,0.97,B,Y,High,South,Winter,2
6.08,4.31,6.61,0.48,2.16,1.65,1.3,0.78,A,X,Medium,East,Winter,2
6.37,3.5,6.46,0.78,1.8,2.28,3.38,0.78,B,X,Medium,South,Fall,2
5.6,2.04,5.92,2.8,1.14,1.9,3.88,0.67,A,X,Medium,North,Summer,2
4.22,2.03,6.33,2.59,1.77,0.9,2.28,0.22,B,X,Medium,East,Summer,2
5.34,3.07,2.2,2.16,1.09,1.36,2.54,0.88,C,X,High,West,Summer,1
7.21,4.78,2.71,1.5,0.34,1.49,1.44,0.64,A,Z,Low,North,Summer,1
4.02,2.69,2.73,1.61,2.98,0.61,2.65,0.2,B,X,High,East,Spring,1
5.33,3.9,3.26,2.93,0.47,2.41,1.43,0.6,A,Y,Low,East,Fall,2
5.59,2.67,3.36,2.9,0.31,0.76,2.83,0.56,A,Z,Medium,East,Summer,1
6.15,2.97,4.27,0.72,2.65,1.89,3.8,0.71,B,Y,Medium,North,Fall,2
7.68,4.54,1.96,2.45,0.98,1.51,1.59,0.37,A,Y,Medium,West,Summer,2
5.39,4.19,5.15,0.67,1.99,0.55,3.29,0.86,B,Y,Low,East,Summer,1
5.39,2.29,2.01,0.72,1.05,2.35,1.07,1.1,A,Z,High,West,Spring,0
6.95,3.29,2.86,2.06,1.24,2.2,2.13,1.02,A,Z,Medium,North,Winter,2
5.81,2.09,4.02,1.27,0.86,1.55,1.33,1.24,B,Y,Low,East,Fall,0
4.9,3.44,5.78,2.8,1.09,0.96,2.06,0.79,B,Z,Low,West,Spring,1
5.81,3.99,5.44,0.36,1.29,0.74,1.52,0.87,A,Y,Medium,South,Fall,1
4.56,2.36,4.87,1.58,2.19,1.23,2.12,1.25,B,X,Low,South,Winter,1
4.71,2.87,1.93,2.76,1.58,1.01,2.25,0.76,C,Z,Low,East,Winter,0
5.99,3.19,4.28,2.72,2.84,1.51,1.9,1.11,C,Y,High,North,Fall,2
5.68,4.76,1.52,0.55,0.22,2.43,2.97,0.76,A,Z,Medium,East,Spring,0
7.66,4.98,3.26,1.16,1.56,1.65,3.76,0.74,B,X,Medium,North,Fall,1
5.45,2.13,3.48,1.9,1.79,2.28,2.2,1.19,C,X,Medium,North,Winter,1
6.32,4.28,1.24,0.56,2.77,1.8,1.58,0.43,A,Z,Low,East,Fall,1
6.53,3.12,2.64,2.91,0.24,1.45,1.81,0.64,D,X,Medium,North,Winter,1
4.05,3.18,6.73,2.75,1.76,2.21,3.56,0.49,D,Z,High,West,Summer,2
6.65,4.26,6.72,0.58,2.58,1.44,2.71,0.67,D,Z,Low,West,Spring,1
4.71,4.76,3.11,0.45,0.8,2.24,2.37,0.5,C,Z,High,East,Winter,0
7.84,4.85,1.26,0.35,2.64,1.08,1.45,0.95,C,Y,Low,West,Fall,0
4.59,3.73,2.07,2.74,0.16,0.76,2.35,1.24,C,Y,Low,West,Spring,0
5.66,3.07,3.35,0.66,2.22,2.21,1.84,1.22,C,Z,Low,South,Summer,1
4.34,4.36,6.69,1.31,2.81,1.67,3.83,0.67,C,Z,Low,West,Winter,2
7.99,2.75,1.85,1.4,2.01,2.28,3.65,1.49,C,Y,High,North,Spring,2
6.01,3.69,5.58,1.84,1.37,2.38,1.25,0.97,B,Z,Medium,South,Spring,2
6.38,3.08,1.65,0.31,0.23,0.61,2.55,0.72,B,Y,High,East,Summer,0
4.27,3.97,6.89,0.76,2.77,1.5,1.68,1.29,D,Z,High,East,Winter,2
7.0,2.72,3.29,2.8,1.46,1.25,2.23,1.15,A,X,Medium,North,Winter,2
4.84,2.57,5.65,2.73,0.18,1.75,3.63,1.17,C,X,High,South,Fall,2
7.59,4.75,3.06,2.37,2.1,2.09,2.58,0.45,D,Y,Low,East,Fall,1
4.82,2.31,4.77,0.16,1.5,1.06,2.0,0.81,C,X,Low,South,Summer,0
4.76,3.52,2.15,1.05,0.46,1.61,1.62,1.32,D,Z,Medium,West,Spring,0
4.15,2.66,1.88,1.92,0.72,1.92,3.4,0.86,C,X,Medium,East,Winter,1
5.89,2.12,6.63,0.9,0.29,0.77,2.87,1.09,A,Z,Medium,North,Spring,1
6.26,2.11,6.51,2.74,1.77,2.13,2.4,0.96,C,X,Low,North,Summer,2
4.26,2.53,6.32,1.94,1.9,1.71,1.65,1.3,A,Y,Medium,East,Fall,2
7.1,4.6,4.75,0.31,1.57,2.4,2.0,0.57,B,X,High,South,Spring,2
5.81,2.85,5.85,2.74,2.47,1.18,3.88,0.95,B,Y,Medium,North,Fall,2
6.1,4.85,1.41,2.88,2.6,0.72,2.56,0.36,A,X,Medium,South,Fall,2
5.76,3.74,3.01,0.33,1.89,1.51,2.2,1.1,B,X,Low,South,Fall,0
5.6,3.31,2.88,1.64,0.14,0.67,2.56,1.15,B,Y,High,North,Spring,1
6.24,3.74,4.81,0.98,2.12,2.44,3.34,0.26,C,X,High,East,Summer,2
4.62,3.55,3.14,1.24,1.31,0.58,2.02,1.08,C,X,Low,West,Fall,0
4.73,4.28,1.89,0.62,1.74,2.01,1.54,0.74,A,Z,Low,East,Winter,0
7.45,2.85,4.58,1.78,1.98,1.55,2.75,0.36,A,X,Low,West,Spring,2
7.78,3.06,5.89,2.88,1.12,1.24,3.0,0.75,C,Y,Medium,North,Winter,2
5.49,4.68,3.29,1.56,2.76,0.63,3.14,0.45,C,X,Medium,South,Fall,1
5.08,4.84,1.79,0.34,0.49,1.74,3.65,0.74,D,X,Medium,East,Winter,0
6.58,4.68,2.18,1.9,2.05,1.67,2.11,0.7,A,Y,High,East,Spring,2
5.63,3.26,2.42,1.09,0.11,1.06,1.23,1.16,D,X,Medium,East,Summer,0
4.1,4.34,2.8,2.58,2.78,2.32,3.88,1.21,B,Z,High,East,Spring,2
4.62,3.43,4.86,1.36,0.43,1.11,2.31,0.99,C,Z,Medium,East,Summer,1
6.86,3.49,4.61,0.66,0.38,1.4,2.87,0.23,A,X,Low,North,Winter,2
6.64,2.61,5.18,0.65,1.07,1.59,3.0,1.41,B,Z,Medium,East,Spring,2
4.11,3.77,3.18,2.33,1.18,0.7,2.64,1.09,A,X,Low,East,Fall,2
4.89,2.56,5.94,0.87,0.72,2.36,1.62,0.24,A,X,High,West,Spring,2
4.92,2.99,2.22,2.32,1.8,1.25,3.27,1.26,B,X,Medium,East,Fall,1
6.69,4.57,3.81,0.7,1.38,0.66,3.41,0.46,C,Y,Medium,East,Spring,2
4.08,2.62,5.81,1.03,0.2,1.27,2.66,0.95,C,Y,Low,East,Spring,0
4.42,2.21,2.08,1.45,1.03,1.7,2.47,0.81,B,X,Medium,West,Summer,0
7.2,2.21,1.66,2.84,2.45,1.53,1.34,0.75,B,Z,Low,West,Winter,0
4.71,4.82,6.3,2.8,2.1,1.89,1.25,1.36,B,Y,High,West,Spring,2
6.61,3.52,3.06,0.7,2.2,0.61,2.02,0.77,D,X,Low,East,Spring,1
4.95,3.23,5.1,1.14,2.12,1.07,1.93,0.3,B,Y,High,North,Spring,1
4.4,4.43,1.15,0.53,1.0,2.14,3.86,1.43,A,Z,Low,East,Winter,0
4.97,4.51,5.14,1.58,0.39,0.66,3.35,1.4,A,X,Medium,East,Fall,2
6.89,3.0,2.9,1.44,0.89,2.21,2.98,1.09,C,X,Low,West,Fall,1
7.42,4.08,1.33,2.71,2.51,0.68,2.55,0.81,B,Y,Medium,North,Fall,2
7.32,4.31,4.66,2.8,2.94,2.17,1.5,0.32,A,Y,High,East,Spring,2
5.59,3.96,2.44,1.21,1.53,1.22,3.94,1.23,C,Y,Low,South,Fall,0
6.67,2.45,3.32,1.53,0.13,1.72,2.13,0.3,C,X,High,West,Spring,1
4.82,4.63,1.48,2.7,0.51,0.81,1.32,0.29,C,Y,High,North,Summer,1
5.17,3.62,1.88,2.44,1.03,0.63,2.48,0.9,A,Y,Low,East,Fall,0
7.59,2.85,2.79,0.11,1.78,0.93,3.62,0.41,B,Y,High,South,Fall,1
4.05,3.28,1.54,1.03,0.32,0.76,3.66,0.21,D,X,High,North,Spring,0
4.34,2.11,6.46,1.32,2.84,1.12,1.03,0.75,D,Y,Medium,East,Spring,2
4.83,2.38,1.04,0.77,1.16,1.53,3.66,0.38,A,X,Low,North,Winter,0
4.11,4.3,3.9,0.68,2.75,1.68,1.81,0.41,A,Y,High,East,Fall,1
4.73,2.0,1.74,0.21,2.36,2.08,1.12,0.3,B,Z,Medium,West,Spring,0
6.33,3.25,2.85,1.97,2.29,1.81,3.54,0.47,B,Y,Low,West,Spring,1
5.69,3.57,6.56,0.86,1.86,1.72,3.59,1.13,C,X,Low,North,Winter,2
7.57,2.16,1.97,0.25,1.92,1.32,2.79,1.25,D,Y,Low,West,Winter,0
7.27,4.92,6.79,0.77,1.95,1.45,2.72,0.79,B,Z,Low,South,Winter,2
5.37,2.68,2.23,2.43,1.92,1.33,3.44,0.86,A,Z,Medium,West,Summer,1
5.04,2.91,5.45,2.57,1.71,2.18,3.36,0.24,D,Y,Medium,West,Summer,2
5.52,2.91,4.28,1.5,2.96,0.96,3.67,0.29,A,X,High,North,Spring,2
6.36,2.69,6.31,1.31,2.22,0.51,2.66,0.53,D,Y,Low,South,Fall,1
5.07,2.0,4.32,2.94,2.35,1.8,3.9,0.91,C,Y,Low,South,Spring,2
6.5,4.19,4.21,0.68,2.63,0.9,3.99,1.16,D,Z,Low,West,Spring,1
5.64,4.9,2.17,0.72,0.73,2.28,1.35,0.99,A,Y,High,South,Spring,1
6.21,2.67,2.0,0.95,0.34,2.22,3.55,0.71,A,Y,Medium,East,Fall,1
5.74,3.99,6.5,0.6,1.5,0.65,2.5,0.35,B,Y,Medium,East,Summer,1
5.18,4.23,2.97,1.2,1.59,0.71,2.16,1.22,B,X,Medium,West,Fall,1
7.79,4.55,3.23,2.74,2.5,1.49,2.84,0.67,B,Z,Low,West,Winter,2
7.05,3.27,5.56,1.88,1.39,1.72,1.17,1.16,D,Y,Medium,South,Fall,2
4.56,2.91,3.03,1.29,1.76,1.05,2.52,0.87,C,Z,High,East,Summer,1
7.47,2.98,6.71,2.81,1.63,1.93,3.61,1.16,C,Y,Low,West,Winter,2
5.95,4.14,5.43,0.24,0.21,1.69,1.64,1.38,A,X,Medium,West,Summer,1
7.58,4.45,4.58,0.71,1.88,1.15,2.28,1.4,C,Y,High,North,Spring,2
7.2,2.54,6.29,1.74,2.5,0.55,3.82,0.9,C,X,Medium,South,Winter,2
5.7,3.11,1.3,1.89,0.56,2.0,2.29,0.86,B,X,Low,South,Spring,0
4.09,4.71,2.54,0.21,1.82,0.93,2.08,0.55,D,X,Low,South,Fall,0
5.07,4.42,3.79,1.27,1.82,2.17,2.32,1.42,A,Y,Medium,North,Summer,2
6.17,4.95,2.36,1.98,0.58,1.34,2.56,0.8,A,Y,High,South,Fall,1
6.53,4.26,5.46,2.12,0.46,1.65,2.9,0.37,A,X,High,East,Fall,2
5.03,3.18,6.52,1.95,2.94,2.25,3.4,0.76,C,Y,High,South,Spring,2
4.56,3.77,3.54,1.03,1.24,2.23,2.36,0.37,C,Y,Medium,East,Fall,1
7.34,3.98,3.05,0.37,0.76,1.24,3.45,0.85,B,Z,Medium,North,Winter,1
7.94,2.24,6.77,1.34,0.6,0.92,2.6,0.93,A,Y,Medium,West,Summer,2
6.1,3.63,3.67,0.47,2.04,2.05,2.02,0.64,A,Y,Low,West,Summer,1
4.69,4.13,3.93,2.85,1.87,1.37,2.97,0.29,A,X,High,East,Summer,2
5.09,2.5,3.11,1.48,1.97,0.88,3.15,1.43,B,Z,High,West,Winter,0
4.07,4.34,6.46,1.02,0.36,2.31,2.67,1.21,A,Y,Medium,North,Fall,2
7.66,3.75,4.41,2.32,2.69,0.9,1.17,1.29,A,Z,High,West,Winter,2
4.47,4.86,5.57,1.54,1.23,0.55,1.51,0.68,D,X,High,North,Spring,2
6.31,2.13,5.87,1.0,1.01,0.54,1.86,1.19,B,Y,Medium,South,Spring,1
5.1,2.8,3.05,2.45,1.44,1.74,1.85,0.83,C,Y,Low,South,Spring,0
6.22,3.8,3.6,2.61,1.23,1.82,3.02,0.46,A,X,Low,East,Spring,2
6.61,2.89,6.09,2.05,2.6,1.12,1.06,0.36,B,Y,Low,South,Fall,1
7.32,4.14,3.18,0.24,2.79,1.14,3.27,0.65,B,Z,Medium,East,Winter,1
4.83,4.28,5.76,1.74,0.98,1.18,1.8,0.38,A,Y,Low,South,Summer,1
4.04,2.31,6.65,2.31,2.61,1.86,1.93,1.5,A,Z,High,West,Winter,2
4.55,3.54,4.74,0.5,2.37,0.62,2.58,0.26,D,X,Low,East,Spring,1
7.6,3.53,5.45,0.76,2.8,2.36,1.65,0.77,D,Y,High,North,Winter,2
7.5,3.11,5.83,2.66,0.81,0.95,3.65,0.79,A,Y,High,South,Spring,2
6.39,4.8,6.07,0.16,1.77,2.5,1.26,0.59,B,Y,High,West,Winter,2
6.4,4.48,3.37,2.28,0.9,0.84,2.33,0.94,D,Z,Low,South,Spring,0
6.66,4.09,1.31,1.47,2.49,2.04,3.55,0.39,A,X,Low,East,Winter,2
4.7,4.14,3.41,1.4,0.12,0.95,2.85,1.22,C,Z,Low,East,Spring,0
7.66,3.39,5.04,0.12,1.74,0.66,1.88,0.63,D,Y,Medium,South,Summer,1
5.68,4.76,3.7,2.48,1.08,2.25,2.26,0.97,D,X,Medium,South,Summer,2
5.53,4.08,5.49,1.14,1.04,2.22,3.12,1.13,B,Z,Low,South,Summer,1
6.08,4.19,3.14,1.67,1.97,1.31,3.92,1.36,A,Y,Medium,North,Fall,2
4.19,4.59,4.81,2.06,2.57,1.9,3.68,1.29,A,Z,Low,South,Winter,2
4.67,2.82,2.12,2.14,1.87,1.61,2.03,0.99,D,X,Medium,North,Fall,0
6.95,4.42,5.5,2.87,2.57,2.21,3.99,0.7,D,Z,Medium,South,Fall,2
4.33,2.59,4.27,1.64,0.87,1.13,1.01,0.85,C,Y,Low,South,Spring,0
6.41,3.04,2.22,1.26,1.61,1.55,1.08,1.2,C,X,High,West,Fall,1
4.98,3.01,2.75,2.87,1.41,1.47,3.47,1.34,C,Y,Low,East,Summer,1
5.56,4.94,5.49,1.96,0.13,1.21,1.6,0.33,C,X,Medium,West,Winter,1
5.15,4.57,3.9,0.96,1.71,2.28,1.18,0.7,C,Y,Low,North,Summer,0
5.42,4.1,2.3,0.47,2.02,0.83,1.71,1.21,C,X,Medium,North,Fall,0
6.88,4.18,6.8,2.54,1.82,0.8,2.28,0.76,B,X,Low,West,Spring,2
5.19,3.69,5.29,1.15,2.24,1.65,3.19,0.63,A,X,Medium,East,Summer,2
6.27,4.84,6.74,2.02,1.76,1.81,2.87,0.73,C,Y,Medium,North,Summer,2
5.9,3.49,3.56,1.47,0.29,0.89,1.71,0.98,B,Y,Medium,South,Summer,0
6.65,3.14,3.85,0.68,0.44,1.28,2.51,1.5,A,Y,Low,East,Summer,1
7.75,2.49,6.39,1.84,1.83,2.39,3.78,0.84,C,X,Medium,West,Spring,2
6.93,4.36,4.15,0.28,0.9,0.99,3.45,0.47,C,Y,High,North,Winter,1
4.86,4.2,5.24,1.3,0.33,1.84,1.97,0.41,D,Y,Low,East,Spring,1
4.12,3.15,2.51,1.69,1.35,1.98,3.95,0.26,A,X,High,East,Winter,1
5.05,2.08,3.68,1.36,1.71,1.4,3.13,0.93,C,Z,Medium,West,Spring,0
6.38,4.52,1.74,2.27,1.05,2.38,1.19,0.91,A,Y,High,West,Spring,2
4.21,2.03,2.24,2.5,2.19,1.97,1.11,0.47,D,Y,Low,South,Fall,0
5.99,4.11,1.01,2.34,1.97,1.42,1.51,1.1,A,X,High,East,Fall,2
6.39,4.91,1.24,0.21,1.07,1.64,3.18,1.16,C,X,High,West,Summer,0
5.34,3.31,6.86,0.66,2.29,1.89,1.55,0.54,C,Z,Low,East,Fall,1
7.08,2.7,2.45,1.66,1.98,1.68,2.53,0.65,B,Z,Low,West,Summer,0
4.43,4.11,4.98,2.81,1.95,2.26,1.28,1.49,D,X,High,West,Fall,2
4.3,4.45,6.03,2.52,1.7,1.21,3.76,0.69,D,X,Low,North,Fall,2
6.91,3.64,4.3,2.54,0.13,1.1,2.03,1.19,A,Y,Low,North,Summer,2
5.98,4.9,1.92,0.98,2.12,0.93,3.72,0.79,A,Y,High,West,Winter,1
6.75,2.16,5.37,1.35,1.19,0.58,3.83,1.23,A,Z,Low,South,Fall,2
5.74,3.51,4.6,1.47,2.83,0.59,1.02,1.2,A,X,Medium,North,Summer,2
4.99,4.16,5.39,0.56,2.47,2.24,2.39,1.07,D,Y,Medium,South,Winter,1
7.28,4.59,5.62,0.19,1.8,1.86,1.07,1.31,D,X,Medium,West,Winter,1
7.2,2.54,6.85,2.85,0.83,1.82,3.73,1.42,A,X,Medium,North,Fall,2
6.78,4.4,4.44,0.8,0.69,1.73,2.56,0.95,B,X,High,East,Spring,2
5.09,3.66,3.05,0.8,1.09,2.2,1.22,0.51,B,Z,Low,North,Winter,0
6.36,3.19,4.89,0.34,1.48,1.46,1.33,0.72,A,Y,High,North,Spring,2
5.44,2.4,1.41,2.79,0.96,2.24,2.15,1.19,B,Z,Medium,South,Spring,0
4.37,4.6,6.38,1.78,1.59,1.22,3.82,1.05,B,X,High,North,Summer,2
7.67,2.47,1.72,2.03,0.58,2.35,3.08,0.43,B,X,Low,West,Fall,0
4.55,2.93,2.97,2.74,2.94,1.9,3.6,0.27,C,X,Medium,West,Winter,1
7.8,2.87,5.89,1.1,0.41,1.01,2.1,1.09,C,X,Medium,West,Fall,2
5.78,4.61,4.58,1.9,2.8,1.63,1.13,0.53,A,Z,Medium,North,Winter,2
4.74,4.02,3.36,0.21,2.75,1.57,3.92,0.85,C,X,Low,East,Spring,1
6.17,4.39,3.84,0.64,1.62,0.78,1.05,1.17,C,X,Medium,North,Spring,2
7.49,2.75,6.13,2.51,2.2,1.68,3.84,0.93,D,X,Low,South,Fall,2
6.93,3.87,3.04,2.32,1.36,1.13,2.11,0.31,B,X,High,East,Winter,2
7.23,3.72,6.22,1.12,1.93,0.6,1.03,0.44,D,Z,High,East,Fall,2
6.64,4.5,1.53,1.19,1.09,2.4,3.07,0.49,D,Y,Medium,North,Spring,0
6.77,4.72,5.66,1.65,0.97,1.78,3.94,0.54,B,Y,Low,South,Spring,2
7.4,2.04,6.09,0.1,1.78,2.25,3.9,0.94,B,Y,High,West,Spring,2
5.0,4.02,2.09,0.8,1.54,1.85,1.48,0.86,D,X,High,South,Summer,0
5.96,2.16,3.58,0.7,1.78,1.21,1.54,0.46,C,X,High,West,Spring,1
4.88,3.65,1.99,0.83,0.93,1.53,2.7,0.29,D,Z,Medium,West,Winter,0
7.95,2.86,5.24,2.44,1.16,1.85,2.91,0.42,C,Y,Medium,East,Fall,2
7.78,2.92,4.21,0.91,0.34,2.42,3.22,1.48,C,X,Low,South,Fall,1
4.16,3.06,4.81,0.66,0.25,1.01,1.54,0.81,A,X,High,West,Spring,1
6.82,3.86,2.18,1.56,0.84,2.25,3.88,1.33,A,X,High,North,Spring,2
7.7,3.0,2.27,2.61,0.32,2.35,2.92,1.3,D,X,Medium,South,Fall,1
4.72,4.2,1.25,0.8,0.4,1.84,3.54,0.86,B,X,Medium,West,Winter,0
6.27,3.21,2.93,0.33,2.46,2.36,2.62,1.12,A,X,Medium,South,Fall,1
7.66,2.21,4.36,1.13,0.21,1.3,2.24,0.45,C,Y,High,North,Winter,1
4.14,4.35,6.15,2.27,2.01,2.41,3.93,1.09,C,X,Low,East,Winter,2
6.79,2.86,5.0,1.7,0.89,1.91,2.75,0.55,A,X,Medium,East,Spring,2
5.19,3.3,3.61,2.47,2.63,0.58,3.6,1.28,A,Z,Low,North,Spring,2
7.7,4.06,6.72,2.88,1.51,2.31,3.86,0.31,B,Y,Medium,South,Fall,2
7.88,3.0,5.32,2.4,0.99,1.47,3.03,1.21,A,Z,High,North,Summer,2
7.78,2.17,6.58,1.85,1.6,1.42,2.65,0.33,C,X,Low,South,Summer,2
5.9,3.12,4.17,1.53,1.21,1.63,1.01,1.35,B,Y,Low,West,Summer,1
7.45,4.83,2.55,0.22,1.74,0.8,1.12,0.6,D,X,Medium,East,Summer,1
7.38,3.93,1.32,2.95,0.43,1.44,1.6,1.05,C,Y,Medium,East,Winter,1
5.28,4.01,5.36,1.21,2.99,2.16,1.56,0.83,C,X,High,North,Spring,2
7.32,3.9,1.73,0.54,1.33,0.53,1.76,0.68,B,X,Medium,North,Summer,0
4.15,2.6,2.82,2.03,1.11,1.05,1.91,1.04,B,Z,Medium,North,Fall,0
6.39,3.26,4.19,0.92,2.16,0.5,2.08,1.43,B,Y,Low,South,Fall,1
4.92,4.25,4.39,1.8,1.16,1.33,2.26,0.25,B,Z,High,North,Fall,1
4.48,2.3,4.6,1.8,2.52,1.96,1.3,1.39,C,X,High,South,Winter,2
4.31,2.83,2.0,1.39,1.42,2.1,1.13,0.99,B,X,High,North,Winter,1
6.79,2.83,3.28,2.52,2.19,2.39,3.02,1.25,C,Y,High,West,Fall,2
5.36,3.3,4.7,0.87,0.41,1.72,2.61,0.7,A,Y,Medium,West,Spring,2
6.9,4.94,6.82,1.4,2.55,1.01,2.33,0.81,A,Y,High,East,Summer,2
4.26,2.2,5.37,1.66,2.23,2.35,2.9,1.33,D,Z,Low,North,Fall,0
5.26,3.56,6.54,2.02,0.71,2.05,3.48,0.74,B,X,High,West,Winter,2
6.16,2.54,5.57,2.37,0.52,1.65,2.28,0.9,B,Y,Low,West,Winter,1
7.16,4.91,4.55,1.24,1.02,1.89,2.92,0.23,B,X,Medium,North,Fall,2
5.28,2.34,2.15,1.97,2.93,2.35,3.86,0.41,A,X,Low,East,Fall,2
6.5,3.21,5.0,0.54,0.84,1.92,3.52,1.03,C,Y,Low,West,Spring,0
7.54,4.21,4.74,2.8,1.42,1.24,2.28,1.13,A,Y,Low,East,Spring,2
6.46,4.11,4.61,1.21,0.19,1.93,2.93,0.96,B,X,Low,South,Spring,2
4.93,3.27,3.94,2.22,1.25,0.58,1.53,0.39,B,X,Medium,South,Spring,1
4.1,3.04,4.17,0.16,1.76,1.27,2.68,0.78,D,Y,Low,East,Summer,0
7.48,3.19,3.01,0.7,2.86,1.31,3.94,0.66,B,Y,Low,South,Summer,1
4.09,2.79,4.12,1.51,1.6,0.83,2.55,0.84,A,X,High,West,Fall,1
7.5,2.62,2.19,2.65,2.48,0.55,3.78,1.33,B,X,Medium,East,Fall,2
6.12,3.45,5.83,1.63,1.69,0.77,2.22,1.21,A,X,High,North,Fall,2
7.76,2.81,2.11,2.8,0.22,1.81,4.0,0.31,A,Z,Medium,East,Summer,2
7.2,2.86,1.51,1.5,1.01,2.1,2.74,1.36,A,Z,Medium,East,Summer,1
7.99,3.97,3.62,1.52,1.77,2.48,1.13,0.81,B,Y,Medium,North,Winter,2
5.4,4.91,4.95,0.45,2.86,1.19,2.76,1.17,A,Z,Medium,South,Spring,2
7.07,3.81,3.63,2.43,2.59,1.7,1.82,0.38,B,Y,Low,West,Winter,2
5.61,2.23,2.66,0.82,0.76,2.37,1.1,1.07,D,X,Medium,East,Summer,0
5.92,2.23,4.35,2.71,0.74,0.83,3.46,0.51,C,X,Low,North,Fall,1
6.51,4.85,3.08,2.74,0.68,1.94,1.83,0.77,A,Z,Medium,North,Spring,2
7.49,2.89,6.6,2.84,2.78,2.01,3.39,0.22,A,Y,Medium,East,Spring,2
7.94,2.28,6.54,1.61,2.57,0.68,1.86,0.4,C,Z,Medium,East,Summer,2
7.07,3.8,4.01,2.06,2.35,2.22,1.58,0.32,D,Z,High,South,Fall,2
5.67,3.87,2.97,2.36,1.24,2.13,3.92,0.51,A,Y,Medium,East,Summer,2
5.69,3.95,5.42,0.48,1.56,0.57,2.08,0.33,C,X,Medium,North,Fall,1
6.95,2.8,1.22,1.84,1.45,0.68,2.8,1.1,B,X,Medium,North,Summer,1
4.96,2.05,3.85,0.2,0.83,0.6,2.83,0.24,B,X,Medium,East,Summer,0
4.44,4.9,3.02,1.54,1.56,1.17,2.68,1.0,D,X,Medium,North,Winter,1
5.42,2.75,6.52,0.55,0.19,1.52,3.74,0.38,C,Y,Medium,West,Winter,1
5.15,4.03,1.07,0.63,0.48,1.56,3.02,1.43,D,X,Medium,North,Fall,0
5.19,4.12,4.32,1.16,2.67,1.04,2.21,1.41,B,X,High,East,Spring,2
4.93,3.83,5.44,1.35,2.28,2.32,3.59,0.49,B,Y,High,South,Spring,2
4.17,2.94,3.91,1.91,1.33,1.24,1.54,1.0,C,X,High,South,Winter,1
4.07,2.81,1.51,0.32,1.6,0.59,2.63,0.24,B,Y,High,West,Spring,0
7.95,3.79,6.83,1.56,1.17,1.1,3.85,1.41,B,Y,High,South,Winter,2
5.71,4.6,4.11,0.63,2.25,1.56,2.88,0.88,A,Y,High,East,Summer,2
5.54,4.84,4.69,1.76,2.37,1.32,3.45,0.26,A,Z,High,East,Winter,2
6.72,2.32,2.42,1.95,2.31,1.05,2.96,0.65,B,X,Medium,East,Summer,1
4.87,2.46,3.9,1.71,2.2,0.76,3.52,0.3,C,X,High,West,Summer,2
7.8,4.83,3.57,2.24,0.69,2.14,3.83,0.71,D,Z,Medium,East,Fall,2
7.15,4.21,1.45,1.07,1.08,2.49,1.82,1.07,B,Y,Low,East,Winter,0
4.36,4.65,1.64,2.32,1.46,1.16,1.51,0.81,C,Z,Low,West,Winter,0
5.67,2.61,6.02,1.36,1.06,1.26,2.45,0.7,A,X,Medium,West,Fall,2
7.52,3.76,2.44,1.5,2.29,1.74,3.11,0.35,D,Z,Low,South,Winter,0
7.78,4.1,2.17,1.98,1.06,1.94,1.68,0.52,B,Z,Medium,East,Fall,0
5.87,4.04,4.03,0.15,0.5,1.28,1.01,0.33,C,Y,High,North,Winter,1
6.45,3.22,5.61,2.0,1.26,2.31,2.03,1.25,C,X,Low,South,Winter,2
4.67,2.05,1.37,1.89,2.94,1.62,3.91,0.38,A,Z,Low,South,Summer,0
7.96,3.75,4.46,1.0,0.76,1.4,3.08,0.97,B,Z,Medium,West,Fall,1
4.93,2.76,1.72,0.35,1.88,1.79,2.2,0.65,D,Z,Medium,East,Fall,0
7.77,3.35,1.22,0.36,1.36,2.41,1.58,0.49,A,X,Medium,East,Fall,1
6.6,4.87,1.32,2.78,0.31,2.09,2.07,1.03,C,Z,High,North,Winter,2
6.43,3.2,6.0,2.1,1.51,0.58,1.51,0.79,D,X,High,South,Summer,2
6.05,4.52,1.71,0.47,2.14,1.16,1.32,0.72,B,X,Medium,West,Spring,1
4.92,2.57,1.27,1.13,1.59,1.44,3.72,0.97,D,Y,Low,North,Summer,0
4.71,4.02,3.63,1.82,2.63,1.13,3.99,0.84,D,X,High,North,Spring,2
4.88,4.93,6.06,2.52,0.94,1.9,1.49,0.59,C,Y,Low,South,Summer,2
4.75,2.31,2.57,0.23,0.35,2.15,1.16,0.93,A,Y,High,East,Winter,0
7.12,2.02,3.53,0.79,2.82,1.96,1.99,1.07,B,X,Medium,South,Fall,1
5.4,3.3,1.24,2.68,1.2,2.48,2.38,0.23,A,Y,Medium,South,Winter,0
4.23,2.28,3.69,0.13,1.77,1.05,1.61,0.81,C,Z,Medium,East,Spring,0
7.88,4.25,4.47,0.68,2.4,2.25,1.9,0.27,C,X,High,South,Winter,2
7.54,4.74,4.43,2.88,1.04,2.03,1.6,0.44,C,Y,Medium,West,Fall,2
7.71,3.3,2.99,1.88,2.18,1.22,3.32,0.93,B,X,Medium,North,Spring,2
7.98,2.78,2.89,0.86,0.49,1.97,3.14,1.33,A,Y,High,South,Fall,1
4.7,3.3,1.64,0.29,0.94,0.71,2.9,1.35,C,X,High,East,Winter,0
5.58,4.17,3.2,0.18,0.52,2.08,2.16,0.29,C,X,Medium,West,Spring,0
7.03,2.03,1.6,0.81,2.45,1.56,3.73,0.74,D,X,Medium,West,Fall,0
6.78,3.77,5.6,2.66,0.75,1.08,3.91,0.96,C,Z,High,East,Winter,2
4.62,3.84,6.8,1.31,2.18,1.81,1.52,0.39,C,Y,Medium,South,Spring,2
7.26,3.91,6.82,2.19,2.84,1.78,1.67,1.2,C,Y,Low,North,Fall,2
4.9,2.73,6.19,2.76,1.63,0.92,2.58,1.17,C,X,High,North,Summer,2
4.9,4.14,4.6,1.28,1.67,0.56,1.27,1.37,B,Y,Medium,West,Summer,1
6.15,2.27,5.21,0.65,1.44,1.37,2.31,0.21,D,X,High,West,Fall,1
6.37,2.6,2.71,1.6,1.05,1.64,2.75,0.48,C,X,High,West,Spring,1
6.32,4.63,4.78,2.73,1.48,2.25,2.57,1.28,B,Y,High,North,Winter,2
4.37,4.22,3.73,2.43,1.85,2.36,1.99,1.07,A,X,Medium,East,Spring,2
7.51,2.04,3.89,0.29,2.96,1.56,2.63,1.36,A,X,Low,East,Summer,2
5.06,2.75,5.55,2.11,2.82,2.01,3.88,0.27,B,Y,High,East,Fall,2
4.52,2.64,2.69,1.76,2.6,1.38,1.62,0.98,A,Z,Medium,East,Summer,1
7.55,2.81,2.91,2.73,2.68,1.99,2.96,0.94,A,X,Medium,West,Summer,2
7.82,2.74,6.55,0.46,1.46,0.91,1.13,0.25,B,X,High,South,Winter,2
7.45,2.19,1.34,1.65,2.01,1.24,1.2,0.87,A,X,Medium,North,Winter,1
7.24,3.38,3.91,2.65,2.7,1.77,2.66,0.99,C,Z,Low,North,Winter,2
6.62,4.2,6.48,1.29,1.24,0.54,1.31,0.45,B,Z,Low,North,Fall,2
6.2,3.82,4.66,1.5,2.89,1.94,1.07,0.56,B,Y,Low,South,Winter,2
4.35,4.02,4.28,0.3,1.31,2.17,1.51,1.03,A,Z,Medium,North,Winter,1
5.63,2.24,2.5,0.91,1.84,1.3,2.69,0.81,B,Y,Low,South,Summer,0
5.49,4.85,3.06,1.04,2.16,1.4,3.11,1.32,B,Z,High,East,Summer,2
5.04,4.52,6.11,2.84,2.86,2.2,1.61,0.65,C,X,Low,West,Spring,2
6.89,4.42,4.36,0.92,0.81,2.05,3.0,0.55,C,X,Low,West,Summer,2
5.98,4.47,4.09,1.44,2.26,1.08,1.55,1.48,A,Y,High,South,Winter,2
4.32,4.8,1.6,2.05,1.61,1.15,2.84,1.38,C,X,Medium,North,Fall,0
4.88,3.63,1.1,0.57,0.88,1.86,2.24,0.24,A,Y,Medium,North,Fall,0
6.73,2.6,6.78,1.51,2.35,1.63,2.96,1.2,D,X,Low,West,Spring,2
4.3,3.85,3.26,2.24,1.7,0.82,3.99,0.34,D,Y,High,East,Spring,1
7.4,4.23,4.62,2.61,2.02,1.12,3.81,0.24,B,X,Low,North,Summer,2
5.98,4.21,1.48,1.92,1.04,2.3,1.01,0.56,C,X,Medium,West,Winter,1
5.92,3.56,5.1,2.04,1.5,1.88,3.66,0.55,C,Z,High,South,Summer,2
6.37,2.21,6.6,0.47,1.89,2.47,1.2,1.27,C,Z,High,West,Winter,2
7.3,3.11,4.45,2.84,1.27,2.03,3.86,1.12,C,Z,Low,South,Spring,2
5.39,4.76,1.76,0.48,0.68,2.38,1.85,1.48,D,Y,High,South,Fall,0
6.71,3.75,4.49,2.35,2.89,0.93,2.15,1.12,B,Y,High,East,Fall,2
6.26,3.61,5.6,0.87,1.58,2.04,1.27,0.74,C,Y,Medium,West,Winter,1
5.07,2.81,3.44,2.81,2.23,0.54,1.34,1.11,C,X,Medium,West,Spring,1
7.51,3.11,6.28,2.19,1.29,1.84,3.18,1.5,C,X,Medium,East,Spring,2
7.19,4.69,4.89,2.29,1.13,1.44,3.83,1.12,C,X,Medium,North,Spring,2
6.63,4.0,6.4,0.74,1.28,1.19,2.83,1.19,A,Z,Low,South,Winter,2
7.4,4.36,4.74,1.38,1.29,2.22,3.15,1.42,B,X,Low,West,Spring,2
7.47,3.36,1.79,1.89,1.68,2.21,3.29,0.35,A,Z,High,East,Spring,2
6.83,3.89,2.86,2.33,1.68,0.54,1.79,1.12,B,Y,Low,West,Fall,1
7.35,2.75,2.21,0.4,1.54,1.72,1.14,1.31,B,Y,Low,South,Fall,0
6.79,4.12,6.45,2.89,0.49,1.24,1.01,1.44,D,X,Medium,East,Winter,2
6.72,3.28,5.56,2.68,1.54,1.33,2.05,0.47,C,X,Medium,South,Winter,2
6.47,3.33,5.06,0.88,0.59,2.16,1.72,0.86,C,Z,High,East,Fall,2
7.01,3.95,2.81,2.49,0.47,1.12,1.19,1.08,B,X,Medium,West,Winter,1
4.63,4.81,2.1,1.6,2.8,2.39,1.54,0.52,C,X,Medium,East,Fall,1
7.52,2.19,5.54,1.44,1.85,0.86,1.37,0.98,C,X,Low,South,Summer,2
7.49,4.47,3.84,1.01,2.01,1.83,3.74,0.53,C,X,Low,South,Winter,1
4.12,2.88,2.35,1.78,1.27,1.84,1.42,0.63,A,X,High,North,Fall,1
7.3,3.33,4.7,2.22,2.74,1.0,2.61,0.77,B,Y,High,West,Summer,2
4.52,2.07,1.24,1.29,1.95,1.15,2.78,0.89,C,Y,High,South,Fall,0
5.34,2.9,2.96,1.92,2.33,2.17,2.63,0.78,B,Y,Low,West,Summer,0
6.97,3.51,3.81,2.13,1.17,2.02,1.3,0.84,D,X,High,East,Spring,2
4.64,2.17,1.89,2.16,2.88,1.16,1.96,0.59,D,Z,Medium,West,Fall,0
7.27,3.47,6.91,0.25,2.48,1.57,1.15,0.41,D,Z,Medium,West,Winter,2
7.33,4.78,2.25,2.59,2.58,0.62,2.19,0.26,C,X,Medium,East,Fall,2
6.03,2.32,1.78,1.43,0.6,0.92,1.57,0.45,D,X,High,West,Spring,0
4.03,4.29,2.22,0.86,0.89,1.47,2.68,0.96,C,X,Low,North,Winter,0
5.15,3.23,5.61,0.8,0.93,0.67,3.08,1.22,A,Z,Medium,East,Spring,1
6.47,3.97,3.55,1.5,0.89,2.19,2.6,0.42,B,Y,Low,West,Summer,1
7.92,2.78,4.39,2.67,2.58,1.94,2.3,0.34,A,Z,Medium,South,Summer,2
6.53,2.48,1.13,1.2,0.19,2.39,2.16,1.17,A,X,High,East,Spring,1
5.04,2.48,1.21,2.27,0.32,1.89,3.53,0.6,A,Y,High,West,Summer,0
6.54,2.21,3.67,0.38,0.89,2.38,1.66,1.44,A,X,Low,West,Fall,1
6.16,2.56,5.9,1.48,0.68,1.61,3.2,1.13,C,X,Low,South,Winter,1
7.12,3.99,6.31,2.98,0.77,1.7,3.27,0.62,B,Y,High,East,Winter,2
4.43,4.65,1.52,2.33,2.41,2.45,2.26,0.58,B,X,Low,South,Winter,0
7.04,4.44,4.23,0.71,1.73,1.78,1.89,0.88,C,Y,Medium,East,Summer,2
6.17,4.06,6.48,1.55,0.12,0.56,2.41,0.3,C,Y,Medium,South,Fall,1
7.85,2.33,3.33,0.78,1.35,1.95,1.28,0.35,D,Z,High,East,Winter,1
5.37,2.87,5.98,1.29,1.28,2.31,1.14,0.43,C,X,Low,South,Summer,1
6.53,2.93,1.8,2.36,0.43,2.09,1.33,1.21,B,Z,High,North,Winter,1
7.73,2.75,6.61,2.34,2.06,1.67,1.56,0.87,B,Z,High,North,Summer,2
4.41,3.55,5.51,0.76,2.14,1.84,2.51,0.21,A,Z,Medium,North,Summer,2
7.75,3.61,6.65,2.77,2.19,2.48,3.55,1.08,A,Z,High,East,Fall,2
6.75,3.07,5.06,1.82,2.21,0.68,1.71,0.75,B,Z,Medium,West,Fall,2
4.27,3.06,3.18,1.2,0.1,1.83,3.81,0.86,D,Y,High,North,Fall,0
5.2,4.49,6.63,1.56,2.87,1.07,3.86,0.48,A,X,Medium,North,Summer,2
6.83,4.37,2.65,1.85,2.46,1.78,3.88,0.92,A,Y,Low,South,Fall,2
4.27,2.92,2.99,1.72,2.72,1.72,3.51,1.47,A,Y,Medium,East,Winter,2
6.33,4.74,5.2,1.51,0.15,0.81,2.09,0.3,C,Z,Medium,North,Winter,1
5.38,4.86,5.59,1.56,2.81,0.91,1.22,0.57,B,Y,Medium,South,Spring,2
6.48,2.98,6.58,0.61,2.45,1.74,2.71,0.52,B,X,Medium,North,Spring,2
4.18,3.06,2.23,2.46,2.53,0.76,2.68,0.52,A,Y,Low,South,Fall,0
7.49,3.52,5.79,1.67,0.37,1.03,3.55,0.69,B,Z,High,North,Summer,2
7.89,4.82,5.43,0.48,2.24,2.17,3.99,1.26,A,X,Low,South,Spring,2
7.88,4.63,1.38,2.32,2.88,1.15,2.52,1.39,B,X,Low,East,Summer,1
7.0,2.31,3.32,2.8,2.07,1.48,2.04,0.46,A,Y,Low,East,Winter,2
4.52,3.18,2.7,2.85,1.75,2.38,1.56,0.91,C,X,High,North,Winter,2
7.03,3.66,2.83,1.17,2.84,0.95,1.01,1.03,B,X,High,East,Summer,2
4.1,3.51,6.9,0.49,1.38,1.28,2.53,0.88,C,X,Medium,South,Summer,1
4.09,2.58,4.86,1.6,1.84,1.71,2.67,0.76,B,Z,Low,West,Fall,1
5.29,4.58,5.31,0.43,1.48,2.01,3.47,0.45,B,X,Medium,South,Spring,1
5.95,4.03,6.86,2.81,2.81,2.3,2.51,0.83,A,Y,High,East,Fall,2
7.08,4.51,3.26,0.63,0.32,2.33,3.75,0.72,B,Z,High,East,Spring,1
6.73,4.58,5.81,0.83,1.55,2.05,2.88,1.23,B,Z,Medium,North,Summer,2
5.78,4.25,3.61,1.28,2.09,0.96,3.52,1.19,B,Z,Low,West,Summer,1
5.09,3.32,6.22,1.21,2.4,0.55,1.44,0.37,C,Y,High,South,Fall,2
7.99,3.83,2.08,2.4,1.79,1.27,3.57,0.32,C,Z,High,East,Fall,2
5.7,2.48,6.69,1.42,2.74,0.78,3.03,1.38,C,X,Medium,North,Summer,2
5.81,4.02,2.31,0.6,2.83,1.92,1.51,0.9,A,Y,Medium,South,Spring,1
4.65,2.54,2.96,0.87,0.29,1.82,1.57,1.32,C,Y,Low,East,Summer,0
7.18,4.08,5.54,1.58,1.27,0.59,3.78,0.28,A,X,Low,South,Fall,2
6.77,2.69,3.36,0.53,0.17,2.17,1.1,0.88,C,Y,Medium,South,Spring,0
4.88,2.35,4.65,1.87,1.06,1.0,2.39,0.9,B,X,High,South,Spring,2
4.33,2.5,3.67,1.74,1.66,1.36,1.94,1.32,A,Z,Medium,East,Fall,0
6.72,2.01,5.45,2.17,2.74,1.84,3.0,0.33,D,X,Low,South,Winter,2
6.62,4.16,2.37,2.82,2.56,1.36,3.52,0.51,C,Y,Low,North,Summer,2
5.09,4.2,1.35,2.75,0.47,1.38,2.08,0.73,B,X,Low,East,Summer,0
7.8,3.54,2.8,2.84,0.37,0.63,2.28,1.33,A,X,Medium,South,Winter,2
4.6,2.48,3.85,0.81,1.81,1.3,3.95,1.42,B,Z,Low,South,Winter,0
5.73,2.25,2.01,0.48,1.64,2.03,3.35,1.49,D,Z,Low,North,Summer,0
7.77,2.06,3.13,0.98,0.87,2.33,3.69,1.45,B,Z,Medium,North,Winter,1
5.68,2.5,3.4,2.7,2.71,1.33,2.32,0.21,D,X,High,North,Fall,2
6.55,4.67,1.34,2.92,2.79,1.35,1.7,0.26,A,X,Low,West,Winter,1
5.59,2.72,4.5,2.59,1.27,1.91,2.24,0.39,B,Y,Medium,South,Summer,1
5.1,3.06,6.31,0.42,2.68,2.39,3.15,0.65,C,Y,High,North,Winter,2
7.94,2.32,1.91,2.85,1.21,1.03,1.33,1.28,B,X,High,North,Winter,2
5.64,2.67,4.59,1.33,2.24,1.38,1.81,1.36,A,Y,Medium,North,Summer,2
7.58,3.56,4.99,0.13,1.48,2.09,1.14,0.44,B,X,Medium,East,Winter,2
4.92,3.82,3.52,1.38,0.46,1.72,2.3,1.01,C,X,High,North,Summer,1
4.85,2.74,5.21,0.23,2.79,0.72,3.48,1.39,C,X,Low,South,Spring,1
4.12,2.17,3.46,1.68,1.42,1.76,1.07,0.8,C,Y,Low,South,Summer,0
6.61,3.17,4.03,1.08,2.23,0.87,3.03,0.33,C,Y,Low,West,Winter,1
5.47,2.7,1.04,1.47,1.16,1.52,3.8,0.8,C,Y,High,South,Fall,0
7.46,2.66,5.15,1.88,0.15,1.56,1.71,0.69,A,Y,Medium,South,Fall,2
5.89,4.88,4.97,2.62,0.39,2.25,3.08,0.95,B,X,High,East,Fall,2
7.87,3.85,1.23,2.02,1.54,1.42,3.93,0.77,C,Z,Medium,South,Spring,1
4.74,3.67,3.21,1.36,2.1,1.06,3.89,0.22,D,Z,Medium,West,Summer,1
7.47,3.25,6.87,2.48,1.07,0.96,1.7,1.49,A,Y,Low,East,Fall,2
7.11,3.29,3.52,2.73,2.12,2.25,1.3,0.91,B,X,Medium,South,Winter,2
7.08,3.62,4.01,0.45,2.13,0.84,1.44,0.82,B,Y,High,East,Spring,2
7.38,4.09,6.46,1.64,2.14,1.35,3.11,1.44,A,Y,Medium,West,Summer,2
7.04,4.11,5.3,0.93,1.53,0.87,3.18,0.4,B,Z,Medium,East,Spring,2
6.5,2.52,4.49,0.24,2.75,2.05,3.02,0.45,C,Z,Low,West,Spring,1
4.52,3.5,5.79,2.04,1.52,1.45,2.01,1.25,A,Z,Low,North,Summer,2
4.13,3.24,6.19,2.6,1.41,1.2,1.51,0.54,C,X,High,South,Fall,2
7.68,4.61,3.74,0.57,0.68,1.22,2.74,1.24,C,Z,High,West,Spring,2
6.47,3.89,3.85,2.46,0.99,2.2,2.45,0.55,D,Y,High,South,Spring,2
7.19,3.6,3.32,2.57,0.22,1.61,3.19,0.24,A,Z,Low,West,Winter,2
5.93,2.35,6.8,2.75,1.94,1.94,2.32,0.87,B,Y,High,North,Winter,2
4.47,3.82,5.18,0.87,0.82,2.29,2.02,0.46,B,X,High,West,Summer,1
4.5,2.35,1.5,2.72,0.98,2.3,1.88,1.19,B,Y,Medium,South,Fall,0
6.74,3.01,6.18,1.03,2.34,1.16,1.63,1.03,B,X,High,North,Summer,2
5.72,2.43,3.88,1.7,1.05,2.4,1.8,1.4,C,X,High,West,Winter,1
4.8,4.08,1.41,0.25,0.8,0.55,1.28,1.22,A,Z,Medium,South,Fall,0
5.97,2.62,4.3,0.23,0.59,1.25,2.04,0.44,D,X,High,North,Winter,1
4.26,3.18,3.5,2.19,2.35,2.29,1.11,1.24,C,X,Medium,North,Spring,1
6.33,4.69,6.27,1.39,0.48,1.05,1.56,1.03,C,X,Low,East,Fall,2
5.08,2.61,2.22,0.84,1.42,1.05,3.24,1.07,C,Y,High,West,Fall,0
7.19,3.52,5.96,0.65,1.57,1.11,1.98,1.28,B,Z,Medium,North,Summer,2
5.24,3.26,4.35,2.04,2.09,1.72,3.0,0.95,C,X,Low,South,Summer,2
5.82,2.05,1.33,0.1,1.94,1.38,3.15,0.81,B,X,Low,North,Fall,0
4.05,4.38,6.83,2.44,2.45,1.95,2.74,1.03,D,Z,Medium,East,Fall,2
4.29,2.21,4.08,0.33,0.23,2.29,3.88,0.59,A,Z,Medium,North,Spring,0
5.57,3.42,2.75,0.66,0.96,1.85,1.06,0.44,A,X,High,North,Fall,2
5.92,3.68,3.82,1.22,0.91,0.91,3.22,1.0,B,Z,Low,North,Spring,1
6.4,3.89,6.15,1.51,0.52,2.37,3.88,0.5,B,Y,Low,East,Spring,2
5.17,4.07,2.83,1.13,0.94,1.03,3.59,0.3,B,Z,Medium,West,Fall,0
6.78,2.76,2.16,1.03,1.0,0.8,1.5,0.2,B,Y,Medium,East,Summer,0
7.44,2.03,1.77,2.9,1.61,0.68,1.98,0.99,D,Z,High,North,Summer,1
7.12,4.17,2.79,1.96,2.02,1.63,1.52,0.67,B,X,Medium,East,Summer,2
4.16,3.61,5.68,0.17,1.21,0.73,2.8,1.18,B,X,Medium,West,Fall,1
5.92,4.51,3.83,1.35,2.19,0.78,3.14,0.69,A,X,Medium,North,Summer,2
4.42,4.46,2.36,2.64,1.07,1.1,1.95,0.83,B,Y,High,North,Winter,1
4.97,4.53,2.0,0.97,0.94,1.06,2.62,0.73,B,Z,Medium,North,Summer,0
7.95,3.46,3.0,0.37,1.67,1.71,3.07,1.05,C,Y,Medium,East,Fall,1
4.57,3.0,6.64,2.3,0.17,2.13,2.26,0.66,A,X,High,East,Summer,2
6.0,4.37,3.06,1.86,0.33,2.02,3.56,1.45,A,Y,High,East,Fall,2
6.47,3.35,6.93,1.75,1.31,1.02,3.31,1.42,B,Y,High,North,Fall,2
6.81,2.55,3.91,0.26,2.83,0.99,1.19,1.3,B,Z,Low,South,Summer,0
6.24,4.56,2.07,0.51,2.19,2.43,2.86,1.4,B,Y,Medium,West,Summer,1
4.04,4.65,6.35,1.91,0.36,0.52,1.71,0.78,C,Y,Low,North,Summer,1
5.31,3.4,3.76,0.7,2.55,2.26,2.67,0.9,B,Y,High,West,Spring,1
6.07,2.23,5.26,1.56,2.22,0.9,3.87,1.16,B,Z,Low,East,Spring,1
4.35,3.16,6.9,1.68,1.87,2.39,3.64,1.1,C,Y,Low,North,Fall,2
5.4,4.41,1.3,0.92,2.48,1.18,2.21,1.36,A,X,Medium,South,Winter,1
4.13,4.71,1.58,2.85,1.27,1.38,1.87,1.13,C,Z,High,West,Summer,1
4.31,2.61,5.32,2.54,0.74,1.91,1.7,1.5,B,Y,High,South,Summer,1
5.59,2.2,2.69,2.19,1.58,1.68,2.6,0.65,B,Y,Low,West,Spring,0
4.53,4.63,2.11,0.33,1.69,1.14,1.34,1.28,C,Z,Medium,South,Spring,0
6.27,3.17,1.24,0.41,1.66,1.61,2.65,1.11,A,Z,Medium,East,Winter,0
6.76,3.63,1.13,1.53,1.74,1.96,1.0,1.1,D,Z,High,West,Fall,0
7.2,4.9,5.65,0.57,2.85,0.58,1.97,0.62,B,Z,Low,West,Spring,1
4.8,2.2,1.81,2.94,2.72,0.52,1.66,1.22,C,X,High,South,Summer,1
4.67,3.94,3.81,0.56,2.64,1.42,3.91,1.37,D,Y,Medium,East,Winter,1
4.42,2.22,4.64,1.51,2.42,0.76,3.18,0.48,C,Y,Medium,North,Spring,1
6.55,3.13,3.57,1.16,2.84,1.83,2.05,1.01,C,X,Medium,South,Summer,2
6.83,4.41,1.16,1.95,0.39,0.93,1.28,0.71,C,Z,Medium,South,Fall,0
4.13,3.3,5.7,0.47,0.87,1.37,2.55,1.49,B,Z,Medium,North,Fall,0
7.74,4.99,1.06,1.35,1.54,0.9,1.64,0.82,B,Y,Low,South,Summer,0
4.21,3.68,5.57,0.9,2.55,1.6,2.61,0.5,A,Z,Low,South,Winter,1
6.17,2.96,6.36,2.67,1.56,0.73,3.51,0.7,A,X,Low,West,Spring,2
6.84,2.66,3.6,0.22,2.27,0.55,2.85,1.05,C,Y,High,East,Fall,1
7.48,3.05,4.21,2.75,0.5,0.6,2.9,0.3,A,Y,Low,South,Spring,2
6.86,3.12,3.86,2.52,0.83,2.41,2.62,0.98,A,X,High,West,Fall,2
7.21,2.21,3.34,0.96,2.22,0.78,3.78,1.41,C,X,High,North,Winter,2
5.36,3.11,6.32,2.39,0.58,1.92,3.8,1.31,A,Z,Low,South,Summer,2
7.26,3.39,6.36,0.19,1.12,0.64,2.54,0.29,A,Y,Low,East,Fall,2
4.32,4.17,3.01,2.9,0.87,0.72,1.92,1.49,B,Z,Medium,North,Winter,0
7.58,3.97,4.69,1.63,1.11,1.52,2.38,1.11,B,Y,Low,East,Spring,2
6.19,4.13,6.56,0.98,2.15,1.43,1.56,0.41,C,X,Low,North,Fall,2
7.27,2.03,6.77,1.15,1.17,2.4,2.91,0.22,B,X,Medium,North,Winter,2
5.81,2.65,4.05,0.29,1.71,2.39,2.5,0.42,B,X,Medium,North,Fall,1
6.57,3.99,3.72,2.97,0.39,2.06,1.31,1.29,C,Z,Low,West,Spring,1
6.11,3.45,2.67,0.21,2.43,1.7,1.59,0.23,B,X,High,East,Spring,1
6.93,2.02,6.75,2.0,1.17,1.41,2.44,0.5,C,Z,High,East,Summer,2
4.33,4.41,1.86,1.38,1.98,1.21,3.66,1.18,D,Z,Low,East,Spring,0
4.24,4.32,4.48,2.85,2.2,2.39,2.7,0.96,B,Z,Medium,South,Fall,2
4.99,3.65,2.7,0.81,0.71,1.71,3.04,1.22,B,Y,High,East,Spring,1
4.64,2.2,2.67,1.64,2.67,1.66,2.02,1.17,A,Z,Medium,South,Spring,1
7.49,4.3,3.43,1.5,1.89,0.96,2.71,0.27,C,X,Medium,North,Summer,2
4.88,3.75,6.99,2.14,1.34,0.59,2.34,1.36,A,X,Low,East,Summer,2
7.9,4.35,1.33,0.3,0.63,2.39,2.98,0.5,B,X,Medium,North,Fall,0
5.35,4.26,4.47,0.66,2.83,1.13,1.15,0.92,C,Z,Medium,North,Fall,1
4.73,4.41,1.5,0.72,2.29,1.39,2.48,1.04,B,X,Low,West,Spring,0
7.16,3.55,1.93,2.24,0.7,0.73,1.89,0.42,A,Y,Low,East,Spring,1
6.63,2.42,3.64,0.65,1.08,2.17,1.98,1.47,C,X,Medium,East,Spring,1
5.99,4.01,4.06,1.76,2.45,0.56,3.88,0.83,A,X,Low,South,Summer,2
6.22,3.86,2.55,0.72,2.12,2.17,1.55,0.27,C,X,Medium,South,Spring,1
6.88,4.23,2.9,2.6,2.32,0.78,1.93,1.42,C,Z,High,East,Fall,2
4.91,2.51,1.52,2.83,1.38,2.27,2.53,0.96,A,Y,High,East,Spring,2
7.99,2.58,2.82,1.6,2.18,1.96,3.59,1.11,D,Z,Medium,East,Winter,2
7.9,4.67,6.8,1.12,1.22,0.83,2.25,0.88,A,Y,Medium,West,Summer,2
6.6,4.25,6.67,0.78,0.71,1.63,3.23,1.29,D,Z,Medium,West,Summer,1
4.8,4.72,3.01,0.24,1.93,1.13,3.57,0.24,A,Y,Medium,South,Winter,0
6.72,4.28,4.43,0.88,2.93,0.86,1.93,0.55,A,Y,High,West,Fall,2
4.29,3.79,6.46,2.0,1.0,2.22,2.18,0.81,A,Y,High,East,Fall,2
4.12,3.96,1.04,1.65,1.44,1.31,2.07,0.3,A,Y,Medium,East,Winter,0
5.03,4.67,5.86,2.84,2.05,1.3,3.5,1.12,C,Z,High,North,Summer,2
5.85,3.74,6.69,1.25,1.67,0.84,1.13,0.71,C,Y,Medium,East,Winter,2
7.47,3.9,1.55,2.11,2.55,1.27,1.93,0.55,C,Z,Medium,West,Summer,1
6.91,2.47,1.97,1.52,2.31,2.24,3.04,0.2,A,Z,Medium,West,Winter,1
6.97,3.42,6.76,1.59,0.27,1.23,2.7,1.14,B,X,Medium,West,Summer,2
5.7,4.15,4.23,0.88,3.0,2.4,2.31,1.28,C,Y,Medium,North,Summer,2
5.38,2.81,1.09,1.42,2.28,2.39,2.62,0.71,B,X,Low,South,Fall,0
5.48,2.61,2.55,1.47,2.61,0.79,1.59,0.93,C,Y,Low,North,Spring,1
7.95,2.94,3.7,2.15,1.99,0.85,2.29,0.5,C,Y,Low,South,Spring,2
4.16,2.72,5.16,2.83,2.58,2.23,2.51,1.01,A,Z,Medium,East,Summer,2
7.47,2.64,5.4,1.06,0.43,1.29,3.7,0.22,C,X,High,South,Fall,2
6.31,3.27,6.97,0.22,1.11,0.51,1.78,0.84,C,X,Medium,East,Winter,2
5.75,4.72,2.73,1.54,2.64,1.05,3.6,1.04,C,X,Low,South,Fall,1
6.9,3.52,4.23,1.68,0.68,1.7,2.93,1.39,A,X,High,South,Winter,2
5.95,2.56,4.2,0.59,0.33,2.1,1.06,0.7,A,Z,High,North,Fall,1
7.49,2.23,3.43,2.31,2.39,0.77,3.17,1.19,B,Z,High,West,Spring,2
7.6,4.09,2.01,2.96,2.52,0.72,1.11,0.98,A,Y,Low,North,Spring,2
5.69,3.15,6.86,2.84,0.57,2.34,3.99,1.41,A,Z,Medium,North,Fall,2
5.11,4.47,6.12,0.67,2.58,2.0,3.62,0.72,C,X,High,West,Summer,2
6.37,3.98,3.99,2.64,2.09,1.68,1.89,0.61,C,X,Low,West,Spring,2
7.65,4.39,4.62,2.14,1.61,2.04,1.77,1.35,B,X,Medium,East,Summer,2
4.84,2.82,2.36,1.42,2.51,1.36,2.14,0.26,A,Z,Medium,North,Fall,0
6.49,4.08,4.26,1.67,1.32,2.02,2.07,0.38,D,Y,Medium,North,Summer,1
6.53,2.79,5.17,2.56,0.66,1.24,2.12,0.31,A,Y,High,West,Winter,2
6.93,4.82,4.09,1.49,0.93,0.99,1.95,1.3,C,X,Medium,West,Fall,1
4.53,3.91,6.94,1.18,1.56,1.96,2.86,0.21,D,X,Medium,East,Fall,2
6.86,2.97,4.67,1.53,1.64,1.34,1.49,1.32,C,Z,Medium,North,Winter,1
7.64,2.81,3.23,1.78,2.44,2.46,3.54,0.79,D,X,Low,North,Summer,2
4.72,2.57,5.63,0.65,2.39,1.2,3.44,0.21,C,Z,Medium,North,Fall,1
4.95,4.08,2.02,2.71,1.79,2.34,2.43,0.72,A,X,High,East,Winter,2
7.89,2.66,3.31,2.06,2.36,2.37,3.56,0.44,A,X,Medium,North,Fall,2
4.72,3.79,3.08,1.94,0.66,0.98,1.74,1.01,B,Y,Low,West,Winter,0
7.42,2.79,3.59,0.39,0.25,2.1,1.05,1.08,A,X,High,North,Summer,2
5.97,3.99,5.69,1.85,2.63,1.37,2.86,0.83,C,Y,High,East,Fall,2
4.99,4.44,3.91,0.45,0.32,2.34,2.37,0.25,A,Y,Medium,North,Spring,1
7.48,4.33,5.76,0.33,0.82,1.4,2.7,1.05,C,Y,Medium,East,Winter,2
5.78,4.28,4.46,1.63,2.12,1.99,3.7,1.29,B,Z,High,North,Winter,2
6.06,2.56,3.05,1.27,1.29,1.43,3.91,1.14,B,Y,Low,West,Winter,0
5.44,2.27,5.86,1.81,2.64,0.96,2.9,1.28,D,X,Medium,East,Fall,2
6.37,4.1,2.43,0.36,0.96,0.9,3.29,0.46,A,Y,Low,North,Spring,0
4.65,3.11,2.35,1.35,0.13,1.35,1.25,1.36,C,Y,High,West,Spring,0
5.56,3.3,4.03,0.61,0.97,2.01,1.48,0.62,C,X,Low,East,Winter,0
7.88,2.09,2.57,2.96,1.78,1.71,3.2,0.22,A,Z,High,West,Summer,2
5.03,2.78,1.05,1.73,1.19,1.88,2.29,1.3,B,Y,Medium,West,Summer,0
6.63,2.1,4.89,2.09,1.65,1.06,2.34,1.42,B,Z,Medium,West,Fall,2
5.3,4.64,4.07,1.04,2.64,1.46,1.93,1.05,C,Z,Medium,North,Summer,1
7.09,2.73,3.67,0.37,2.75,0.59,2.82,0.5,C,Y,Low,North,Fall,1
4.52,3.67,6.8,2.93,0.87,2.14,1.56,0.53,B,Y,High,West,Summer,2
7.88,2.12,4.43,0.93,1.44,2.48,2.88,0.81,C,Y,Medium,South,Fall,1
5.82,4.0,6.18,1.33,1.69,1.31,1.52,1.37,A,Y,High,North,Winter,2
4.94,2.97,1.84,1.98,2.85,0.52,1.19,0.39,C,Z,Low,West,Spring,0
4.29,4.69,4.42,0.17,3.0,0.84,1.99,1.27,D,Z,High,South,Summer,1
4.68,4.66,6.21,2.45,0.78,1.81,1.69,0.58,D,X,Low,East,Summer,2
6.08,2.98,4.5,1.66,2.21,1.72,3.67,1.25,C,Y,Low,West,Winter,2
5.35,4.7,5.31,0.91,1.2,2.08,1.16,1.4,B,Z,Low,West,Summer,1
7.32,4.99,3.23,0.28,0.12,1.01,1.53,0.76,D,Y,High,South,Summer,1
5.72,4.48,1.55,0.57,0.13,2.03,2.65,0.67,B,Z,Medium,South,Fall,0
4.99,4.53,3.75,2.7,1.44,1.88,2.44,1.24,C,Z,High,South,Summer,2
6.47,2.75,3.37,2.09,1.52,1.15,1.14,0.89,A,X,Low,South,Winter,1
6.83,3.73,6.2,0.82,0.17,1.59,1.02,1.09,D,X,Low,North,Winter,1
4.67,2.2,2.46,0.29,2.09,0.79,3.96,1.01,C,Y,Medium,South,Fall,0
4.67,2.28,6.8,2.1,0.95,1.41,2.98,0.4,C,Y,Low,East,Fall,1
4.15,5.0,6.75,1.76,1.72,2.26,2.1,1.3,A,Y,High,East,Spring,2
6.95,2.98,2.49,1.27,0.97,1.34,2.41,0.45,C,Y,Medium,West,Fall,0
6.66,4.24,3.09,1.15,0.58,2.18,1.8,1.41,C,Z,High,East,Fall,1
5.9,4.42,6.37,0.73,1.28,1.68,2.03,0.53,C,X,Low,North,Summer,2
7.38,4.57,6.8,2.04,0.77,0.88,2.95,1.15,A,X,Low,East,Spring,2
7.22,4.99,3.66,2.91,1.65,1.66,3.65,0.57,B,X,Low,West,Winter,2
6.34,2.72,2.93,0.61,0.68,1.51,1.55,0.61,A,Y,Low,South,Summer,0
7.47,2.12,4.16,1.83,1.57,1.3,3.52,0.6,B,X,Medium,East,Fall,2
4.82,3.23,5.13,1.33,0.56,0.74,1.36,1.17,A,Y,Low,North,Spring,1
4.45,2.39,2.64,1.4,2.05,1.33,1.64,0.92,B,X,Medium,South,Summer,0
5.08,2.07,5.42,0.84,2.29,0.65,1.11,1.35,A,Y,Low,West,Winter,1
4.23,3.08,1.31,2.49,0.42,0.7,1.42,0.6,A,X,Low,West,Summer,0
6.12,4.35,1.3,1.51,1.46,1.33,3.75,1.1,A,Y,High,East,Fall,2
7.75,3.7,3.32,1.68,0.31,1.11,2.38,1.18,D,Y,Medium,East,Spring,1
4.16,2.94,3.12,0.98,1.83,2.35,1.23,0.4,B,X,High,West,Summer,1
4.49,3.96,2.89,0.63,0.87,1.25,3.88,0.72,B,Z,Low,West,Winter,0
5.81,2.7,3.95,0.35,1.63,2.02,3.64,0.83,B,X,High,South,Fall,1
7.74,2.04,2.92,2.17,1.6,1.56,3.26,0.66,C,Y,Medium,East,Winter,1
5.26,4.29,2.15,0.67,2.78,1.91,3.8,0.62,D,Z,Low,South,Winter,0
6.03,3.87,2.86,2.1,1.69,1.02,1.66,1.09,A,Y,High,North,Winter,2
4.17,4.29,6.85,1.23,1.79,2.38,3.51,0.48,A,Z,Medium,South,Winter,2
4.59,2.12,3.47,1.31,1.26,1.56,3.07,1.12,D,X,Medium,West,Spring,0
7.95,4.51,3.67,1.46,2.85,2.16,3.61,1.42,B,Y,High,West,Winter,2
7.86,3.86,4.46,1.17,2.35,1.23,3.39,0.93,A,Y,Low,West,Spring,2
4.02,3.69,6.9,0.39,0.93,0.7,2.04,0.99,A,X,High,North,Spring,2
7.81,3.87,2.45,1.0,2.55,1.85,3.32,0.29,A,Y,High,East,Spring,2
6.56,4.59,5.09,2.02,1.35,0.52,1.79,1.32,D,X,Medium,North,Summer,2
7.47,3.76,5.3,2.03,2.5,1.45,1.99,0.57,A,Y,Medium,North,Fall,2
5.82,3.74,4.64,0.93,2.49,0.89,1.32,1.0,D,Z,Low,West,Summer,0
6.06,4.97,1.53,1.43,0.65,1.75,3.81,1.47,D,X,Low,South,Spring,0
5.96,4.27,5.06,0.66,2.13,2.46,1.87,0.97,B,X,Medium,West,Summer,2
6.67,3.33,1.38,0.71,0.94,1.43,2.56,1.14,A,Y,Medium,North,Summer,0
4.56,4.12,4.58,0.17,0.96,2.13,2.17,0.78,A,Y,Medium,South,Winter,1
4.12,3.17,5.44,2.7,0.96,1.52,3.88,0.28,B,Z,High,East,Summer,2
5.23,2.69,2.27,0.71,2.2,1.49,2.01,1.24,B,Y,Medium,North,Spring,0
6.82,3.79,6.05,0.76,0.77,2.36,3.34,0.25,C,X,Low,South,Summer,2
4.81,4.78,1.18,0.91,0.1,2.28,3.57,1.11,B,Y,Medium,North,Summer,0
6.69,4.79,6.06,0.47,2.17,2.07,2.31,0.23,D,Z,High,East,Fall,2
7.88,3.03,3.76,1.95,0.6,1.09,2.13,1.32,B,Y,Medium,West,Summer,2
4.38,3.58,2.31,0.32,0.4,1.59,3.24,0.4,C,Y,High,West,Summer,0
6.69,2.63,1.8,0.49,0.79,0.95,3.74,0.87,D,X,Low,West,Summer,0
5.78,4.99,6.72,1.97,1.2,1.39,3.26,0.98,A,X,Medium,West,Summer,2
7.47,4.94,1.44,1.09,1.48,1.47,1.68,0.79,A,X,Medium,West,Winter,1
4.71,3.95,2.19,2.15,0.23,2.16,3.66,0.64,A,Y,Medium,East,Spring,1
6.77,4.41,3.09,1.72,2.91,2.29,2.16,0.81,A,Z,Low,East,Winter,2
7.35,4.15,4.72,0.84,2.18,1.33,2.73,0.6,B,Y,High,South,Fall,2
7.78,3.78,4.27,1.99,1.04,0.54,3.49,0.77,B,X,Low,West,Spring,2
6.73,2.16,1.75,0.44,1.02,2.22,1.57,0.67,B,X,Medium,North,Winter,0
5.99,3.36,2.74,1.66,1.4,0.85,3.35,0.94,D,X,Low,North,Winter,0
6.47,4.02,2.43,1.37,1.92,1.74,2.79,0.51,A,Y,Low,West,Fall,1
7.48,4.03,2.28,0.88,0.52,0.55,3.68,1.49,B,Y,High,North,Summer,1
6.28,3.12,3.47,1.85,0.65,1.3,1.52,0.85,A,X,Low,West,Fall,0
4.12,4.83,5.22,2.63,2.59,2.47,2.26,0.45,B,Y,Medium,East,Summer,2
7.72,2.5,2.3,3.0,0.84,0.7,3.5,0.82,B,X,High,South,Spring,2
6.76,3.5,3.2,1.86,1.2,1.35,1.06,1.33,D,X,High,East,Winter,1
6.71,4.07,3.35,1.27,2.63,1.11,1.34,0.23,B,X,Medium,West,Winter,1
4.86,4.09,6.86,0.75,2.02,2.31,3.97,1.08,A,X,Medium,North,Spring,2
6.64,3.95,6.73,0.85,1.09,2.24,1.84,0.91,B,X,Low,West,Winter,2
5.58,2.83,5.8,1.49,2.08,0.98,3.93,0.42,A,X,Low,West,Fall,2
6.6,2.47,2.45,1.17,0.16,0.66,1.55,1.26,A,Z,Medium,North,Spring,0
4.43,3.91,1.41,2.75,2.23,1.75,2.08,0.68,C,Y,Low,North,Summer,1
6.63,3.8,2.9,1.17,1.51,1.17,3.26,0.58,A,Y,Medium,North,Summer,1
8.0,2.54,2.6,1.18,2.46,1.84,2.97,1.28,B,Z,High,North,Winter,2
4.19,4.12,4.04,1.21,2.87,0.56,2.74,1.03,C,X,Low,North,Winter,1
7.91,3.37,5.67,2.53,2.78,0.77,2.59,1.37,B,Z,High,East,Spring,2
5.63,4.0,6.15,1.99,2.74,1.87,3.53,1.02,A,X,Medium,South,Fall,2
7.48,4.51,6.07,1.88,1.59,0.92,1.7,1.16,D,Y,Low,West,Winter,2
7.13,2.51,3.16,1.07,1.14,2.22,2.33,1.29,B,Y,Medium,South,Winter,1
6.27,2.06,5.12,2.47,1.45,0.62,1.47,0.27,C,X,High,South,Spring,2
6.95,4.34,2.88,0.21,2.1,0.93,2.79,1.21,B,Z,High,East,Fall,1
7.51,3.83,1.37,2.63,2.66,2.5,1.75,1.0,B,X,Medium,West,Winter,2
5.62,4.1,5.21,1.59,0.7,1.37,2.0,0.29,B,X,Low,East,Summer,2
5.31,4.51,1.06,1.25,2.76,1.91,2.41,0.86,B,X,Medium,South,Summer,1
6.67,4.41,3.46,1.54,2.46,0.87,1.08,0.31,A,X,Medium,West,Winter,2
7.23,4.88,2.98,2.04,2.94,1.72,1.28,1.16,B,X,Medium,South,Spring,2
7.05,3.61,5.16,0.14,2.65,1.95,3.06,0.91,D,X,High,North,Winter,2
7.19,3.47,5.6,2.63,0.91,1.13,2.29,1.44,C,X,High,South,Summer,2
5.74,3.21,2.82,1.4,0.41,2.16,3.59,0.44,A,Z,High,West,Spring,1
7.27,2.46,5.87,1.09,0.43,1.71,3.08,0.99,B,X,Medium,North,Spring,2
4.48,3.72,2.76,0.5,0.94,1.28,1.02,0.48,D,X,High,East,Spring,0
6.18,2.83,3.68,1.37,1.88,1.62,2.85,1.0,C,Y,High,East,Spring,2
4.02,4.76,5.36,1.54,2.43,1.65,1.28,1.14,A,Z,Low,West,Fall,1
5.3,3.75,5.16,1.27,2.71,0.83,3.34,1.14,D,X,Low,South,Spring,1
5.47,3.78,6.92,2.07,1.91,1.31,3.97,1.26,B,X,Low,South,Winter,2
5.58,3.06,2.35,1.32,0.12,1.19,2.59,1.31,B,Z,Medium,South,Fall,0
6.78,2.16,4.97,2.89,0.64,1.3,3.05,0.3,B,X,High,South,Summer,2
5.55,2.1,4.66,1.84,0.39,2.02,1.71,0.65,D,Y,Low,East,Summer,0
5.79,3.27,6.49,2.44,1.15,1.47,2.31,1.09,D,X,High,East,Fall,2
4.95,2.25,1.94,0.42,1.55,2.38,3.57,0.85,D,Z,Medium,West,Summer,0
5.49,3.82,5.51,1.25,0.23,1.09,1.5,0.45,A,Z,Low,West,Spring,1
4.91,4.64,4.41,1.08,1.11,1.33,1.8,0.92,D,Z,Low,West,Winter,0
4.29,4.65,2.65,1.75,0.62,2.07,2.34,0.73,A,X,Low,South,Summer,1
6.41,3.98,3.85,2.6,1.98,1.59,3.14,0.71,A,Y,Low,West,Spring,2
6.67,2.63,3.0,0.33,1.45,1.59,2.13,1.25,B,X,Medium,North,Fall,1
6.48,4.59,4.48,0.31,1.54,0.61,3.78,0.73,B,Z,High,East,Fall,2
5.85,4.66,6.33,2.57,1.34,1.3,1.28,0.23,C,Z,Low,East,Summer,2
5.52,2.59,4.42,0.72,2.87,1.04,2.11,0.28,B,Y,High,West,Winter,1
7.45,4.21,4.79,2.04,0.72,2.5,3.13,1.31,D,Y,Low,South,Fall,2
6.08,2.86,4.11,1.67,1.6,1.12,1.68,1.45,A,X,Medium,West,Fall,2
5.92,4.41,1.31,2.52,2.23,2.27,2.97,1.09,A,Y,High,West,Summer,2
4.1,4.99,2.4,0.46,1.71,1.85,1.49,0.67,D,Y,Low,East,Winter,0
5.36,2.09,3.95,0.48,2.79,1.18,1.17,1.42,A,X,High,West,Summer,2
5.52,4.69,2.86,1.71,1.2,1.59,1.36,1.06,C,X,Low,North,Fall,0
5.6,3.87,2.09,2.84,1.44,2.18,3.79,1.3,C,X,High,North,Summer,2
6.32,4.92,4.02,1.3,0.36,2.27,2.66,1.2,B,Z,Low,West,Fall,1
6.13,3.4,2.94,1.05,1.87,0.82,3.39,0.69,C,Z,Medium,East,Spring,1
6.43,4.54,2.55,1.86,0.94,1.18,2.0,0.82,A,Z,Medium,East,Spring,1
7.06,2.19,3.78,2.8,0.56,1.17,2.78,0.44,D,Y,Medium,South,Winter,1
7.25,3.01,1.8,2.53,1.68,0.58,2.48,0.58,A,Y,High,North,Summer,2
6.87,2.2,6.57,2.99,1.64,1.7,3.84,1.21,B,X,Low,South,Summer,2
7.82,4.93,6.21,0.17,0.32,2.21,3.24,1.36,A,Z,High,South,Fall,2
4.07,4.45,5.25,0.43,2.12,1.26,3.19,1.14,B,Y,Medium,North,Fall,1
4.78,4.56,1.64,1.87,1.91,1.98,1.14,0.8,C,Y,Medium,North,Spring,0
4.03,4.81,5.66,2.48,0.65,1.76,2.65,0.31,D,Y,Medium,East,Spring,2
6.59,2.26,5.85,0.93,1.46,1.25,2.4,0.27,C,Z,High,East,Winter,2
7.59,3.16,5.61,0.79,2.19,0.78,3.78,0.69,B,X,High,North,Fall,2
4.97,2.21,1.68,2.38,1.64,1.92,1.77,0.8,D,X,High,East,Summer,0
7.71,2.63,4.86,0.26,1.25,2.21,1.81,0.99,B,Y,Low,West,Winter,1
4.24,2.69,6.01,1.17,1.03,1.87,2.23,0.21,B,Z,High,South,Fall,1
7.74,3.41,4.46,1.57,1.87,0.54,1.73,1.49,B,Y,Low,West,Spring,2
5.41,2.81,4.88,1.73,2.82,0.93,1.39,0.67,B,Y,High,West,Spring,2
4.41,2.3,3.75,2.21,2.05,0.64,3.57,1.3,C,X,High,North,Summer,2
5.94,2.5,4.17,1.13,0.32,1.64,2.67,0.9,A,Y,Medium,North,Winter,1
5.03,2.44,1.21,1.88,1.44,2.01,3.58,0.37,B,Y,High,South,Spring,0
5.14,4.92,4.83,1.8,2.68,0.72,3.49,1.24,C,Y,Medium,East,Spring,2
5.23,4.28,1.49,1.69,0.37,2.18,1.85,1.12,D,X,Low,South,Winter,0
7.21,4.9,3.61,1.96,2.97,1.61,2.64,0.89,D,Z,High,South,Spring,2
6.16,3.32,2.76,0.85,2.85,1.88,1.25,0.87,B,Y,Low,East,Fall,1
5.25,2.84,4.27,0.35,0.33,2.44,3.75,0.31,C,Z,Medium,North,Spring,0
6.44,4.39,1.8,0.45,2.81,0.67,2.21,1.05,B,X,High,West,Fall,1
6.86,2.98,5.15,0.75,1.15,2.3,2.18,1.38,B,X,High,North,Summer,2
5.09,2.9,5.77,1.55,2.55,0.75,1.91,0.32,D,Z,Low,West,Spring,1
5.65,2.7,1.98,2.54,1.31,1.29,2.38,0.54,D,X,High,North,Fall,1
4.49,2.39,1.63,2.13,1.38,2.2,1.76,1.37,D,Y,Low,North,Fall,0
4.72,2.77,1.87,2.39,1.94,2.31,2.12,0.57,A,Y,Medium,North,Fall,1
6.72,3.07,6.26,1.12,2.35,1.51,3.4,1.05,D,Z,High,West,Fall,2
4.73,4.02,4.17,1.27,0.2,1.69,3.5,0.9,D,X,Medium,North,Fall,0
6.1,2.19,3.8,1.24,1.82,1.92,1.91,0.98,B,X,Low,East,Fall,1
6.84,2.63,1.64,0.66,0.64,2.17,2.41,0.74,B,Z,Low,West,Fall,0
4.43,4.43,4.9,0.28,1.1,0.74,3.62,0.59,C,Y,Medium,East,Fall,1
6.27,2.44,6.21,1.81,1.11,2.12,1.16,0.26,B,X,Low,South,Fall,2
5.03,3.03,5.97,2.97,1.46,1.46,3.67,1.17,D,X,High,West,Fall,2
7.85,4.59,4.76,0.58,1.07,1.4,1.66,1.17,B,Z,Low,West,Spring,1
5.93,2.46,1.45,0.24,0.41,1.35,3.04,1.07,C,X,Low,South,Spring,0
7.22,2.25,1.67,2.36,0.52,1.52,2.75,1.04,C,Y,Low,East,Summer,1
6.2,3.45,1.3,0.83,0.2,2.39,2.66,0.52,B,Y,Low,West,Winter,0
4.17,2.91,2.54,2.51,1.46,1.6,3.58,0.23,D,Z,Medium,West,Winter,0
6.53,3.69,1.81,2.14,2.87,2.41,1.3,1.25,B,Z,Medium,South,Fall,1
7.81,4.41,2.56,2.84,0.44,0.86,2.04,0.84,B,Y,Medium,West,Summer,2
6.41,2.41,3.31,1.29,2.84,1.95,2.61,0.6,A,X,Medium,South,Spring,2
7.28,3.74,6.66,2.02,2.23,2.12,3.43,0.33,B,Z,Medium,South,Winter,2
7.54,3.52,4.66,1.45,1.95,1.86,1.65,0.28,C,Y,High,North,Winter,2
4.91,2.43,6.01,1.93,1.97,1.71,3.41,0.65,D,Z,Medium,North,Spring,1
4.85,3.87,5.26,1.4,2.5,1.63,2.2,1.25,A,Y,High,East,Winter,2
6.44,2.82,1.68,0.65,0.41,2.22,1.57,1.39,B,Y,High,East,Summer,0
5.64,3.46,5.42,1.57,1.56,2.14,3.28,1.37,A,X,Medium,North,Summer,2
7.36,2.25,2.65,1.63,2.12,0.74,1.27,1.4,C,Y,Low,South,Fall,1
7.6,3.38,4.83,2.45,1.8,2.2,2.54,1.38,D,X,Medium,South,Fall,2
5.41,2.92,3.05,2.23,2.52,1.33,1.19,0.89,C,X,Low,West,Winter,1
4.95,4.47,6.99,2.02,0.31,1.01,2.07,0.49,C,X,High,West,Spring,2
7.12,2.17,2.58,0.43,2.1,2.24,2.8,1.24,B,X,Medium,South,Summer,1
5.1,3.26,2.67,2.19,1.65,1.36,2.67,0.48,A,X,High,West,Summer,1
7.29,3.38,6.58,1.55,1.2,2.12,2.21,0.55,C,X,High,South,Summer,2
5.69,4.18,1.15,2.69,1.09,1.03,2.29,0.5,C,Z,Medium,East,Fall,0
6.67,3.72,5.18,2.77,1.9,0.51,1.68,0.87,C,X,Medium,West,Summer,2
4.38,4.0,5.35,0.26,2.68,1.49,2.37,0.62,D,Y,High,South,Summer,1
6.5,4.33,6.02,2.48,1.54,0.7,3.86,0.4,C,X,Medium,East,Summer,2
5.81,4.59,6.85,0.21,2.49,2.01,3.55,0.79,C,Y,Low,South,Fall,2
6.35,2.94,6.85,1.16,1.27,1.05,1.44,1.34,D,Y,High,South,Fall,2
4.67,3.61,1.39,1.67,0.4,1.39,1.09,0.94,D,Z,High,East,Fall,0
6.95,4.52,5.93,0.53,0.28,0.67,3.8,1.34,B,Z,Medium,West,Spring,2
7.45,4.97,4.88,2.26,0.25,1.07,2.58,0.45,A,Y,High,South,Summer,2
4.87,4.67,4.88,0.12,1.2,2.06,2.61,0.42,B,Z,Low,West,Spring,0
4.38,3.11,1.77,0.59,1.08,0.8,3.34,0.95,C,X,Medium,West,Spring,0
4.09,2.59,4.9,1.78,2.18,1.79,1.94,0.8,A,Y,Medium,South,Summer,2
6.57,3.47,6.89,2.17,2.25,2.33,2.45,1.06,A,X,Medium,South,Spring,2
6.43,4.22,6.47,2.76,0.25,1.86,3.91,1.23,A,X,Medium,East,Fall,2
6.19,3.48,3.63,2.15,0.74,2.12,3.02,1.18,C,X,High,East,Winter,2
4.93,3.45,1.24,2.05,0.9,0.72,1.46,1.42,B,Y,Low,North,Spring,0
5.56,4.51,3.17,1.24,1.69,1.0,1.4,0.72,B,Y,Medium,West,Winter,0
6.38,3.08,5.96,0.1,0.52,2.29,1.61,0.47,A,Z,High,West,Spring,2
5.99,4.58,5.21,0.45,0.49,1.93,3.3,0.92,C,Y,Medium,South,Fall,1
7.95,3.22,3.76,1.65,2.84,1.78,1.89,0.34,B,X,High,East,Fall,2
4.55,2.98,1.33,2.06,2.43,1.83,1.06,0.58,A,Y,High,North,Winter,1
6.78,3.36,3.56,1.31,0.62,1.33,3.83,0.47,C,Z,Medium,South,Spring,1
5.62,4.29,3.81,2.22,1.28,0.59,1.51,0.72,B,Z,Medium,West,Summer,1
5.71,2.38,6.57,1.61,1.13,2.07,1.03,0.34,B,Y,Medium,West,Spring,2
6.87,2.59,4.85,0.32,2.39,1.86,1.71,0.24,C,Z,High,South,Summer,2
6.77,4.85,2.87,0.66,1.58,1.45,1.71,1.05,A,Z,Medium,East,Winter,1
7.97,2.53,4.15,2.54,0.47,2.3,2.27,0.99,C,X,High,East,Winter,2
4.51,3.7,1.4,2.2,2.24,1.17,3.76,1.12,A,X,Medium,South,Fall,1
4.42,3.74,6.84,2.69,1.25,1.09,3.64,1.06,A,X,Medium,North,Fall,2
6.9,3.47,3.16,0.44,0.86,2.25,2.37,0.35,C,X,Medium,East,Winter,1
6.31,3.93,3.87,2.97,1.19,2.09,2.23,0.58,C,Y,Low,East,Summer,2
5.1,2.69,3.13,0.71,1.54,1.53,2.67,0.37,A,Z,Low,North,Spring,0
4.32,3.66,5.1,0.13,1.1,0.76,1.73,1.3,A,Y,Low,North,Winter,0
4.34,3.12,4.97,2.99,0.8,0.93,1.16,1.17,C,Y,Low,North,Summer,1
7.58,3.99,5.29,0.92,1.26,1.81,3.82,0.46,C,Y,Low,South,Spring,2
4.77,2.42,2.61,2.04,0.16,1.27,1.56,0.64,B,X,Low,East,Spring,0
5.29,3.71,2.89,0.61,2.34,2.17,1.6,1.46,C,X,Low,South,Fall,1
4.91,2.56,1.75,1.78,0.6,2.4,2.42,0.97,A,Y,Low,South,Fall,0
5.42,2.84,4.93,2.72,0.23,2.11,2.47,1.24,B,Y,High,West,Summer,2
4.28,2.66,1.24,1.03,2.0,1.26,1.06,0.54,A,Z,High,North,Fall,0
6.08,2.55,4.59,2.04,2.34,2.08,1.44,0.47,B,X,Low,South,Winter,2
4.27,4.48,6.22,0.64,2.46,1.2,2.13,1.22,A,Z,Medium,West,Winter,2
7.2,2.86,6.34,1.91,1.53,0.83,3.05,1.09,B,X,Low,East,Fall,2
4.93,4.78,3.69,1.08,0.7,0.57,1.69,1.09,B,Y,Medium,East,Winter,0
6.16,4.91,3.76,0.71,2.24,1.27,2.27,0.92,B,Y,Medium,South,Winter,1
7.52,3.71,1.46,1.01,2.13,2.31,2.67,0.93,A,X,Low,North,Summer,2
6.6,2.43,5.02,0.62,0.81,0.98,3.67,1.16,B,X,Low,East,Summer,1
6.13,3.12,5.93,2.72,2.72,0.91,1.98,0.55,C,X,High,East,Summer,2
5.3,4.39,2.47,1.25,0.4,2.44,1.4,0.66,B,X,Low,North,Spring,0
5.33,3.1,3.53,0.81,2.95,0.55,2.47,1.33,C,Y,Low,South,Summer,0
6.68,2.26,6.03,1.4,2.59,2.07,3.24,0.6,B,X,Medium,West,Summer,2
7.98,3.67,6.26,1.03,2.09,1.14,1.33,0.91,B,Y,Medium,North,Spring,2
6.65,4.54,2.46,2.26,2.82,0.57,2.27,1.11,B,X,High,South,Spring,2
6.23,4.39,4.3,2.92,2.19,2.34,1.05,1.5,D,Z,High,South,Summer,2
6.92,2.53,2.15,1.37,0.65,0.78,1.1,0.77,A,Z,Medium,West,Fall,0
5.86,4.02,1.61,2.6,1.38,1.6,2.45,0.76,A,Z,High,West,Winter,1
4.24,2.66,6.47,1.74,0.31,1.05,1.89,1.3,C,Y,High,West,Fall,1
6.25,2.65,5.92,0.56,1.23,0.63,3.54,1.25,D,X,Low,South,Summer,1
7.83,4.62,5.56,2.1,2.25,0.6,2.81,1.15,D,Z,Medium,North,Summer,2
4.7,2.75,1.29,1.59,1.22,0.73,2.36,0.8,B,X,Medium,South,Spring,0
6.76,2.79,6.06,1.99,1.06,0.64,2.22,0.62,B,X,High,East,Spring,2
4.8,2.0,3.63,2.68,1.83,2.02,2.49,0.99,C,X,Low,East,Winter,1
6.14,4.61,3.05,1.38,2.63,1.47,1.12,1.34,B,Y,Low,West,Summer,1
4.39,4.38,4.28,2.71,0.24,1.19,3.68,1.35,C,Y,Medium,South,Winter,2
5.8,3.88,1.55,2.28,1.22,1.34,3.99,0.34,D,Y,Low,East,Fall,0
7.02,4.25,5.54,1.52,0.56,2.36,1.54,0.76,C,Y,Low,East,Spring,2
5.39,2.46,4.49,1.85,2.12,2.32,1.36,0.8,B,X,Low,North,Fall,1
6.66,3.37,2.12,1.04,0.41,1.93,1.43,1.47,B,Z,Low,South,Summer,0
7.18,3.05,2.13,2.95,2.03,2.27,2.98,1.08,C,Y,High,East,Summer,2
7.71,2.28,2.11,2.04,0.93,1.14,2.98,0.73,B,Y,High,West,Fall,1
4.94,3.46,1.34,0.23,0.68,1.26,3.54,0.23,B,Y,High,South,Winter,0
5.6,4.76,4.53,1.05,2.82,1.73,3.26,0.94,A,X,High,West,Winter,2
4.61,2.12,6.04,1.91,0.15,1.75,2.35,0.32,A,X,High,East,Winter,2
7.97,2.87,1.1,0.26,1.37,1.46,2.84,1.28,B,Y,Low,North,Spring,0
7.71,2.62,1.29,0.17,0.16,1.3,3.06,1.18,C,X,High,North,Spring,0
6.16,2.71,4.44,1.41,1.5,2.47,2.54,0.8,A,X,Low,North,Spring,2
7.37,4.73,5.92,1.06,1.55,2.14,2.43,0.76,B,Z,Medium,South,Summer,2
6.08,3.4,2.96,1.37,1.03,1.37,2.94,1.37,B,Y,High,North,Summer,1
6.49,3.4,3.1,0.86,0.48,1.95,2.67,0.57,A,Y,Medium,South,Fall,1
4.36,4.28,4.58,0.58,1.19,1.04,2.93,0.52,D,Y,High,West,Fall,1
7.02,2.46,2.65,2.1,2.05,0.7,2.84,1.42,D,Z,Low,East,Winter,1
4.51,3.46,1.16,1.59,2.37,1.2,3.16,1.25,A,X,Low,West,Winter,0
7.3,3.29,5.41,0.68,1.64,1.31,2.93,1.27,C,Z,High,North,Spring,2
7.13,3.79,4.75,1.03,1.81,0.53,2.56,0.45,B,Y,Low,South,Winter,1
6.83,5.0,4.48,1.82,0.68,2.13,3.05,0.39,D,X,Low,South,Summer,1
4.14,4.31,5.45,0.31,0.93,1.22,2.35,0.23,B,X,High,West,Summer,1
5.21,3.19,5.05,0.53,0.57,1.66,1.73,0.51,A,Y,Medium,North,Winter,1
5.05,4.48,2.24,0.31,0.82,0.65,1.0,1.21,B,Y,Medium,South,Spring,0
5.44,2.51,3.11,2.46,0.75,0.85,2.68,0.51,C,X,High,East,Winter,1
4.35,2.09,1.76,2.28,1.61,2.28,2.77,1.15,A,Y,Low,East,Fall,1
7.75,2.61,1.78,2.28,1.73,1.72,3.92,0.53,C,Y,High,West,Winter,1
6.22,3.02,5.06,2.18,2.84,2.4,2.08,0.71,A,Y,Medium,North,Winter,2
5.22,3.53,6.15,2.04,0.67,2.5,2.18,1.48,D,Z,High,South,Fall,2
5.59,3.85,6.78,1.48,1.96,1.24,1.61,0.52,A,Z,Low,West,Spring,2
5.79,4.73,4.77,1.96,2.47,1.1,1.21,0.69,D,Y,Low,East,Spring,1
6.4,3.53,2.1,0.21,1.72,2.22,3.32,0.59,B,Z,High,South,Summer,0
6.06,3.5,1.63,1.9,0.84,2.5,1.75,0.34,B,X,Medium,North,Spring,1
7.68,2.15,5.88,2.36,0.86,1.76,2.83,0.84,D,X,High,West,Winter,2
5.99,2.1,4.47,1.55,0.21,2.09,3.06,0.69,D,X,Low,West,Summer,1
7.97,3.65,4.71,1.14,0.99,2.06,2.41,1.1,C,Y,High,East,Winter,2
7.41,3.31,5.69,0.9,2.26,1.21,3.63,1.26,A,Y,Low,West,Fall,2
4.83,4.52,5.22,1.96,0.24,1.65,2.33,0.91,B,Y,Low,East,Spring,1
7.72,2.48,6.01,2.11,0.74,2.17,1.85,0.24,B,X,Medium,North,Summer,2
4.47,2.07,1.34,2.63,2.15,1.88,3.69,1.0,B,X,High,North,Summer,2
7.27,3.35,5.49,1.09,2.37,0.54,3.58,0.27,B,Z,Medium,East,Summer,2
5.52,2.71,6.11,2.33,1.42,1.17,1.49,1.0,A,Z,Medium,South,Fall,2
7.51,2.15,2.72,1.73,2.12,0.79,1.08,1.09,C,Y,Medium,West,Spring,1
7.47,4.17,4.84,2.66,1.23,0.97,1.27,0.46,C,Y,Medium,East,Fall,2
7.22,2.33,2.88,1.63,0.56,2.31,1.86,1.27,A,Y,Medium,West,Summer,2
7.16,3.82,6.75,1.6,1.25,0.57,3.92,1.38,B,X,Medium,East,Winter,2
5.22,2.84,1.2,1.78,1.78,0.94,2.68,1.26,B,Y,Low,South,Winter,0
4.32,2.52,4.48,2.27,2.85,1.12,2.12,0.6,C,Y,High,South,Spring,2
5.61,3.14,2.0,2.9,0.3,1.73,3.67,0.96,A,Y,Medium,South,Spring,1
4.69,4.4,5.27,0.31,1.57,1.57,2.36,1.39,C,X,Low,West,Fall,0
6.78,3.18,2.06,0.25,1.05,0.94,1.95,0.62,A,Z,High,North,Winter,0
5.38,4.25,2.41,2.82,1.57,0.83,3.82,1.27,B,Z,Low,West,Summer,1
7.9,2.38,3.97,1.64,0.17,0.97,3.55,0.21,C,X,Low,West,Summer,1
6.56,4.32,6.49,1.88,1.01,1.51,3.53,0.2,C,Y,Medium,East,Spring,2
7.29,2.71,2.27,1.5,2.48,1.04,2.54,1.19,A,Z,High,South,Summer,2
4.53,4.03,1.87,0.37,1.71,2.4,3.37,1.19,B,X,High,North,Summer,0
7.45,3.7,5.55,2.33,1.41,1.43,1.54,1.23,D,Y,Medium,South,Summer,2
7.69,4.79,4.0,2.27,0.93,0.62,2.72,1.41,A,Y,High,North,Fall,2
5.95,3.16,6.47,1.0,0.96,1.96,3.95,0.35,D,Y,Low,South,Summer,1
6.43,2.2,1.88,0.99,1.21,1.16,1.87,0.5,C,Z,Medium,North,Spring,0
7.06,2.06,4.88,2.53,2.52,1.81,3.38,1.37,C,X,High,East,Summer,2
4.7,4.48,2.4,0.31,2.9,1.06,2.47,0.43,A,X,Low,South,Winter,0
6.01,3.57,1.94,2.66,1.37,1.64,1.12,1.09,A,X,Low,North,Summer,2
5.59,4.33,5.1,0.84,1.24,2.04,3.29,0.89,D,X,High,East,Winter,2
4.59,2.7,4.56,1.82,2.55,2.36,1.51,0.31,B,Y,Medium,West,Fall,1
5.47,3.04,5.53,2.81,1.34,1.02,2.89,0.57,A,Y,High,East,Summer,2
4.27,2.09,2.86,2.07,1.7,1.17,1.26,0.88,C,X,Low,South,Spring,0
4.1,4.88,3.69,1.3,0.77,1.43,3.84,1.31,A,Y,Medium,West,Fall,1
4.54,4.0,3.43,2.1,2.26,2.35,1.88,1.12,C,Y,Low,East,Fall,1
7.85,4.8,6.9,1.1,1.64,2.3,1.68,1.01,C,X,Medium,West,Fall,2
6.2,2.8,2.75,0.9,2.45,0.68,1.39,0.84,D,Y,Low,North,Winter,0
7.86,3.83,2.77,2.99,2.36,0.76,3.84,0.59,C,Y,High,West,Fall,2
5.73,4.04,3.13,2.28,0.72,1.49,3.14,0.36,A,Y,Low,South,Spring,1
5.25,2.95,4.39,1.97,2.18,0.71,3.22,0.73,B,X,Low,West,Winter,1
6.02,4.54,2.51,1.13,2.42,1.19,2.5,0.24,C,Y,Medium,South,Fall,0
5.76,4.84,6.49,0.24,1.1,0.8,2.42,0.47,B,Z,Low,West,Summer,1
4.42,4.65,2.59,0.19,0.6,1.77,1.33,0.76,D,Y,Low,West,Fall,0
6.56,4.22,6.37,1.71,0.11,2.4,2.68,0.74,C,X,Low,North,Fall,2
4.86,2.83,1.62,2.31,1.41,2.49,1.74,0.26,A,Y,Medium,West,Spring,0
6.48,2.84,4.94,1.66,1.12,1.25,3.93,0.97,D,X,Medium,North,Summer,2
6.6,4.89,6.44,2.54,1.71,1.7,3.39,0.91,A,Y,Low,North,Summer,2
4.61,2.03,2.01,0.2,0.65,2.21,2.24,0.3,A,X,Low,South,Summer,0
4.25,4.15,6.81,1.16,2.59,0.73,1.45,1.43,C,X,Medium,West,Spring,2
7.12,4.12,3.72,0.79,0.85,1.88,3.36,0.33,D,Y,Low,South,Spring,0
5.84,3.87,6.67,1.4,0.76,1.32,1.37,1.31,B,X,High,East,Spring,2
4.23,4.97,5.06,0.31,1.49,0.91,1.57,0.2,A,Y,Low,East,Summer,1
7.98,2.94,2.81,2.87,1.55,1.31,1.63,1.35,B,X,High,West,Winter,2
4.23,3.02,2.13,0.75,0.72,0.65,2.67,0.23,B,X,High,West,Spring,0
6.78,2.24,2.82,2.77,0.89,1.89,3.36,1.19,B,Z,Medium,North,Summer,2
7.93,3.33,1.56,1.34,0.59,1.01,1.94,0.67,A,Z,Medium,South,Summer,1
4.96,2.78,1.86,2.96,2.18,1.12,1.25,1.16,C,X,Medium,North,Winter,1
4.57,3.03,1.63,1.71,2.33,0.74,2.39,0.72,D,Y,Medium,East,Spring,0
4.49,4.5,3.54,2.8,1.44,2.23,3.24,0.29,B,X,Medium,North,Spring,2
5.21,4.81,5.77,0.12,2.17,1.49,1.66,1.2,A,Y,High,South,Spring,2
4.4,2.56,1.85,2.27,2.23,1.64,1.66,0.29,C,Y,Low,West,Winter,0
6.77,3.12,1.78,2.72,0.5,1.64,3.84,1.4,C,X,Medium,South,Fall,2
4.25,4.79,4.86,0.51,2.9,1.32,3.86,0.27,D,Y,Medium,East,Spring,1
6.04,2.19,2.18,0.38,2.48,0.89,3.97,0.82,A,X,Medium,South,Summer,1
7.99,2.28,1.59,1.33,0.69,1.99,3.42,1.14,A,X,Low,North,Spring,1
7.26,2.49,2.0,2.81,0.64,0.75,1.56,0.71,B,Z,Low,South,Spring,0
6.46,3.79,6.54,1.67,0.46,0.71,1.64,0.48,C,Y,High,South,Winter,2
5.23,2.45,5.93,1.63,0.5,1.92,2.02,1.19,B,Y,Low,West,Summer,2
6.5,4.9,3.12,0.51,2.27,0.92,1.95,1.22,B,Y,Low,South,Fall,1
6.11,3.34,4.93,0.1,1.46,1.11,3.87,1.4,A,Y,Medium,South,Summer,2
5.7,3.5,4.22,2.45,2.37,1.45,3.37,0.69,B,Y,Low,West,Fall,2
4.52,2.74,5.06,0.35,2.26,1.4,3.17,0.86,C,X,Medium,West,Summer,1
7.55,3.41,5.1,1.94,1.85,1.92,1.56,0.67,B,Y,Medium,West,Summer,2
5.8,3.99,4.77,2.75,2.09,1.75,3.73,0.53,C,Y,Medium,West,Fall,2
4.78,4.25,2.6,0.71,0.15,1.79,3.48,1.18,B,Y,Medium,West,Spring,0
5.47,4.26,1.23,2.03,1.0,1.93,1.49,0.64,B,Y,High,South,Fall,0
5.66,3.73,3.73,0.33,1.95,1.09,3.61,0.76,B,X,High,West,Winter,1
7.31,4.71,6.35,1.85,0.13,1.14,1.82,0.72,B,Y,High,East,Spring,2
6.93,4.45,4.42,0.58,0.2,1.38,1.24,1.13,A,X,High,South,Winter,2
7.08,4.27,5.99,2.23,2.57,1.11,2.97,1.39,C,Y,Medium,South,Spring,2
4.04,2.17,6.95,0.97,2.08,2.47,2.96,1.07,C,Y,Medium,North,Summer,2
5.66,2.02,1.98,1.44,0.87,2.13,1.28,0.81,B,Z,High,North,Fall,0
5.93,2.64,5.15,1.84,2.1,0.83,1.96,1.21,A,Y,Low,North,Fall,1
4.08,3.99,5.05,0.6,2.4,0.51,3.98,1.03,D,Z,High,North,Spring,1
5.04,3.23,6.88,2.25,0.99,0.59,3.04,0.28,A,Y,Medium,West,Winter,2
7.04,3.21,6.91,0.98,0.2,0.99,3.19,0.32,A,Z,High,West,Winter,2
4.55,4.65,5.12,2.02,2.81,0.73,1.64,0.25,B,Y,High,East,Spring,2
6.14,4.69,2.46,0.56,1.1,1.57,1.24,0.79,C,Z,High,West,Winter,0
4.86,4.73,5.79,2.1,0.41,2.22,1.83,1.27,A,X,Medium,North,Fall,2
4.05,2.94,1.64,0.47,1.53,1.97,1.75,0.61,B,X,Low,West,Winter,0
4.96,4.07,5.68,1.33,2.33,0.93,1.7,0.7,B,Y,High,East,Spring,2
7.9,2.81,6.46,0.82,0.74,1.3,1.58,1.38,A,Z,Medium,North,Winter,2
7.21,2.57,3.3,2.27,0.88,1.52,2.72,1.29,B,Y,High,North,Spring,2
7.84,2.55,4.78,0.86,0.8,2.12,1.98,1.06,C,X,Low,South,Winter,1
5.95,3.03,3.58,2.66,2.98,2.18,3.46,0.55,C,Y,Low,North,Fall,2
4.44,3.29,3.63,2.69,0.67,2.32,1.55,0.35,A,Y,High,South,Summer,2
6.19,4.49,2.86,0.67,1.77,1.52,2.39,0.22,A,X,Medium,North,Spring,1
5.82,2.36,5.57,1.88,2.78,1.89,1.04,0.34,C,Y,Low,North,Winter,1
7.38,4.2,6.62,0.35,0.53,0.72,2.45,0.58,C,Z,Medium,South,Fall,1
4.39,3.59,6.64,1.24,2.92,1.63,1.17,0.92,B,Z,Medium,West,Summer,2
5.95,2.86,2.05,2.17,2.85,1.0,3.93,0.28,B,X,Medium,North,Summer,2
4.6,3.48,6.25,2.01,2.67,1.36,3.37,0.38,A,X,Medium,North,Winter,2
5.3,2.9,5.42,1.91,0.72,1.77,2.47,0.44,B,X,Low,East,Summer,2
6.95,3.79,2.52,0.92,1.94,1.01,1.26,1.02,A,X,Low,West,Spring,1
5.9,3.3,1.4,1.2,2.31,0.6,2.78,1.0,C,X,Low,South,Winter,0
5.5,2.49,2.61,0.4,2.96,0.52,3.28,0.92,B,Z,Medium,West,Summer,0
5.58,2.35,6.47,2.19,0.62,0.54,1.57,0.53,C,X,Medium,South,Summer,1
5.84,3.64,4.8,1.56,2.32,0.52,2.7,0.68,C,Z,Medium,North,Spring,1
7.14,4.71,5.33,2.16,1.08,0.72,3.44,0.33,C,Z,Low,South,Winter,2
7.57,3.03,2.54,0.82,0.61,0.98,3.3,0.49,A,X,Low,East,Spring,1
7.82,4.2,5.32,1.04,1.32,0.94,3.41,1.37,A,Z,Medium,South,Fall,2
7.15,3.98,1.17,1.07,2.4,2.47,3.64,1.47,D,Y,High,East,Winter,1
5.26,4.79,3.25,0.17,1.45,1.11,3.81,1.04,C,Y,Medium,North,Spring,0
6.75,4.46,4.76,1.09,1.66,0.75,2.22,1.39,C,X,Low,East,Winter,1
5.75,3.7,1.88,2.43,2.99,1.59,2.71,1.04,A,Y,Medium,South,Summer,2
5.02,3.97,5.94,2.7,1.26,2.22,3.37,0.24,B,X,High,South,Fall,2
7.36,4.7,2.41,1.6,1.88,1.86,3.09,1.5,C,Y,High,East,Summer,2
4.15,3.2,4.91,1.42,1.16,1.09,3.99,0.33,A,X,Medium,East,Fall,2
7.61,2.98,3.43,0.19,1.24,1.62,1.04,1.09,B,Y,Low,North,Summer,0
5.85,2.03,4.58,2.65,2.12,1.93,2.07,0.53,B,X,Low,West,Spring,2
6.55,4.48,1.64,0.14,2.82,1.96,1.84,0.71,A,X,Low,East,Winter,1
6.64,4.4,1.1,2.84,1.67,1.83,1.79,1.04,A,Y,Low,North,Spring,1
7.58,2.31,6.46,1.52,2.33,2.24,1.67,0.77,A,Y,Medium,West,Winter,2
6.55,3.73,2.62,1.09,0.36,2.24,3.13,0.53,A,Y,Medium,East,Spring,1
6.46,3.39,5.92,2.78,0.71,1.66,1.25,0.63,C,X,Medium,South,Summer,2
4.27,2.36,7.0,0.17,1.56,1.36,3.22,0.64,A,Z,Low,North,Winter,1
6.07,4.94,2.27,1.79,0.16,1.78,3.08,1.45,A,Y,Medium,East,Spring,2
4.6,2.64,2.59,1.69,0.83,2.14,1.75,1.24,D,X,Medium,North,Winter,0
6.95,2.2,4.98,0.74,1.6,0.51,1.76,0.8,B,Y,High,South,Summer,1
6.05,3.78,6.79,1.34,0.14,2.48,2.89,0.46,B,Y,High,South,Summer,2
6.72,4.22,6.49,1.99,0.87,0.87,3.29,1.25,C,X,Low,East,Fall,2
4.17,2.1,4.02,2.21,1.59,1.44,3.63,0.4,D,Y,Low,North,Summer,0
4.34,3.98,5.77,0.1,1.76,2.24,3.56,0.47,A,Z,Medium,West,Summer,1
6.87,3.6,1.81,2.82,2.78,0.95,3.89,0.68,B,Y,High,South,Fall,2
4.29,2.31,6.86,0.58,1.97,1.45,2.74,1.34,C,X,Low,South,Summer,2
4.29,2.52,6.79,0.78,1.3,0.77,3.73,0.37,B,Z,Low,West,Spring,1
4.05,3.7,1.98,0.86,2.8,1.29,3.43,0.36,C,X,Medium,East,Winter,0
7.83,2.89,2.8,0.21,2.38,0.85,3.68,0.84,D,Z,Medium,South,Winter,0
6.95,4.81,1.6,0.46,0.68,1.23,1.03,0.56,D,X,Medium,South,Summer,0
5.41,4.46,2.63,2.96,0.48,1.25,3.9,0.94,A,Y,Medium,South,Fall,2
5.19,4.95,5.9,1.01,2.06,2.49,2.42,0.79,A,Y,Low,East,Fall,2
5.4,2.78,3.27,0.43,1.72,2.49,3.39,0.77,D,X,High,South,Fall,0
7.1,4.91,1.53,0.41,2.39,0.73,1.38,0.35,B,Z,High,East,Summer,1
6.65,3.29,3.05,2.19,2.24,1.95,2.19,0.38,A,Y,High,East,Winter,2
4.74,3.04,6.89,2.58,1.91,0.6,1.81,1.27,C,X,Medium,North,Spring,2
4.7,2.15,4.78,0.85,2.96,0.56,1.87,1.35,A,Y,High,South,Fall,1
4.39,2.16,3.5,0.16,1.65,0.71,1.37,0.51,A,Y,High,North,Winter,0
6.64,4.08,2.0,0.75,0.43,2.43,3.42,0.35,D,X,High,South,Fall,1
7.06,3.37,6.92,0.26,2.5,2.38,1.03,0.27,A,Z,High,East,Winter,2
5.06,2.68,5.93,0.4,0.83,0.89,1.94,0.99,A,Z,Medium,East,Summer,1
4.08,3.84,2.69,1.35,2.35,0.82,1.52,1.13,A,X,High,West,Summer,1
4.33,2.76,1.42,0.77,2.88,0.98,2.77,0.68,C,Y,Medium,North,Winter,0
7.87,3.73,1.34,1.6,2.12,1.53,1.76,1.08,A,X,Medium,West,Summer,1
5.18,3.08,1.72,0.84,1.83,1.64,1.78,1.13,B,Z,High,South,Fall,0
7.08,4.47,4.48,2.83,1.44,0.94,2.47,1.42,C,Z,Medium,South,Spring,2
6.5,4.46,6.57,2.73,1.16,2.01,2.96,0.28,C,X,Low,East,Winter,2
5.53,3.43,3.98,1.74,1.12,1.12,1.36,0.45,A,Z,Low,West,Fall,1
4.82,3.05,6.06,1.13,1.95,2.34,1.53,0.29,C,Y,High,South,Summer,2
4.49,3.09,3.68,1.21,2.28,1.81,1.74,1.33,A,X,Low,East,Summer,1
6.46,4.42,5.25,1.29,2.07,1.37,3.92,1.23,C,Z,Medium,West,Fall,2
7.1,2.98,5.39,2.21,0.68,2.08,2.19,0.95,B,Y,High,West,Spring,2
6.58,2.63,2.04,1.41,1.53,2.14,2.8,0.31,A,Y,High,North,Fall,2
6.12,2.25,3.17,2.58,2.4,1.08,1.72,0.56,C,Y,Medium,West,Fall,1
4.17,3.4,4.82,2.84,1.48,1.18,2.47,0.59,A,X,Medium,West,Spring,2
7.87,3.45,1.42,1.07,1.66,2.37,1.22,0.93,A,X,Medium,East,Winter,1
7.19,4.52,3.17,1.73,2.34,0.83,1.1,0.54,B,Z,Low,West,Summer,0
5.17,2.66,4.21,0.38,2.02,0.58,2.41,0.29,C,Y,High,West,Summer,1
7.92,3.14,6.98,0.68,1.29,1.41,2.2,1.15,A,Z,Medium,South,Summer,2
6.41,4.43,3.85,1.3,2.7,2.1,1.41,0.59,A,X,Medium,North,Fall,2
6.33,4.47,5.9,0.7,0.57,2.04,3.06,0.79,A,Y,Medium,South,Winter,2
6.99,3.15,3.59,2.64,2.99,2.34,3.98,0.37,B,Z,Low,North,Spring,2
7.25,3.38,5.78,0.56,0.44,1.57,2.19,1.24,B,X,Low,South,Summer,2
6.63,2.91,4.57,1.42,0.14,0.7,2.87,0.94,A,X,Low,East,Spring,1
4.51,4.8,6.32,1.86,2.68,1.68,3.89,1.37,A,Y,Medium,South,Winter,2
5.35,2.36,3.47,2.11,0.81,2.06,3.49,0.84,B,X,Medium,East,Summer,1
7.71,4.8,4.63,1.21,2.22,0.69,2.39,1.42,C,X,Medium,West,Fall,2
4.9,4.05,4.78,2.62,2.45,0.85,3.21,1.36,C,Z,Medium,South,Summer,2
5.49,3.59,3.5,1.75,2.59,0.52,1.38,0.95,D,Z,Medium,West,Winter,0
5.73,2.1,1.87,1.37,2.98,1.69,2.54,1.41,A,Y,Low,North,Fall,1
5.76,3.43,1.56,0.29,0.95,2.27,1.84,0.62,D,Z,Medium,West,Winter,0
6.45,3.22,1.1,1.45,2.16,1.84,1.48,0.68,B,Z,High,West,Spring,0
7.77,2.48,6.24,2.48,0.43,2.46,2.28,0.26,D,Y,Low,South,Fall,2
4.96,3.97,2.42,1.88,1.28,0.63,1.39,0.97,A,X,Low,South,Winter,0
4.49,4.91,2.27,2.51,2.56,2.31,3.1,1.14,B,X,Medium,South,Fall,1
4.79,3.69,5.42,1.53,1.17,2.13,2.37,1.21,B,X,Medium,West,Spring,1
7.55,4.14,2.92,0.44,1.81,1.13,2.59,0.39,B,X,High,West,Winter,1
6.58,2.21,4.04,0.14,1.56,2.45,1.44,0.78,C,X,Medium,South,Summer,1
5.14,3.25,1.98,0.98,1.97,1.08,1.42,0.43,C,X,High,East,Spring,1
7.26,2.35,6.76,2.12,2.92,2.28,2.75,1.06,D,X,High,North,Summer,2
7.45,3.84,6.11,2.39,0.26,2.26,3.96,0.41,C,X,Medium,South,Fall,2
7.39,4.82,6.18,0.96,1.76,2.02,1.29,1.38,B,Y,Medium,West,Winter,2
7.68,3.99,3.44,1.54,2.6,1.63,1.86,0.5,A,X,Low,North,Summer,2
5.01,2.23,5.57,1.32,1.5,0.74,3.61,0.58,D,Z,Low,West,Summer,0
7.02,3.06,1.86,1.29,0.33,1.56,1.22,1.31,B,X,High,West,Fall,1
5.84,3.65,1.05,0.77,1.73,1.21,3.63,0.8,C,Z,Low,West,Summer,0
7.37,3.21,1.12,0.5,1.06,2.08,2.57,0.23,B,Z,Medium,North,Winter,0
6.91,4.5,4.52,0.67,0.55,2.02,2.22,0.84,B,Y,High,North,Winter,2
7.11,4.44,3.73,0.26,2.56,2.32,1.93,0.31,D,Y,Medium,North,Summer,1
6.62,3.84,4.11,0.67,1.61,0.53,1.89,1.48,A,Z,Medium,East,Spring,2
4.71,3.12,1.04,0.13,2.81,2.12,1.92,0.96,A,X,Medium,East,Winter,0
6.18,2.77,3.54,1.92,2.44,2.38,3.65,0.53,A,Z,Low,North,Spring,2
7.94,2.32,5.31,1.02,2.11,2.08,3.17,0.93,C,Z,Medium,West,Spring,2
7.75,3.06,3.66,2.92,0.11,0.76,3.01,0.3,A,Y,Low,South,Spring,2
4.17,3.24,5.39,0.66,1.34,0.66,3.4,1.24,A,X,Medium,North,Spring,1
4.66,4.03,2.4,1.1,0.67,0.54,1.77,1.4,A,Y,High,South,Winter,1
4.53,3.97,5.88,1.14,2.74,1.76,2.85,1.34,B,Y,Medium,North,Fall,2
6.9,2.21,4.53,0.12,0.61,1.76,2.38,0.64,B,Y,High,South,Winter,0
7.27,3.19,2.26,2.53,0.93,2.47,3.35,0.62,A,Y,Medium,South,Spring,2
4.85,2.55,2.42,0.19,1.6,1.3,1.93,0.25,D,X,Medium,West,Summer,0
6.02,2.47,4.77,2.83,0.86,1.16,2.93,1.05,D,X,Medium,West,Winter,1
7.36,4.48,5.98,2.69,0.71,1.75,3.65,0.9,A,Y,High,South,Winter,2
6.93,2.13,3.49,1.65,1.84,2.15,2.21,0.8,C,X,Medium,East,Fall,1
6.17,3.26,2.55,1.68,0.36,2.37,1.2,1.38,B,X,High,East,Spring,1
6.36,2.5,6.2,2.0,0.27,2.11,2.55,0.42,A,X,Medium,South,Winter,2
6.03,4.64,5.02,1.22,1.18,1.35,2.04,0.21,A,X,Low,East,Summer,2
5.19,3.67,3.69,1.98,2.19,1.77,3.02,0.3,B,Y,Low,East,Fall,1
6.26,2.69,3.93,0.23,1.71,2.21,3.85,0.49,B,X,High,East,Fall,2
6.76,3.51,2.23,0.26,1.33,1.48,2.46,0.24,A,Z,Medium,East,Fall,0
7.49,4.19,4.76,1.43,1.74,0.93,2.4,0.85,C,Z,Medium,East,Fall,2
6.55,4.87,3.15,1.69,1.16,0.84,2.96,0.61,B,Y,Low,South,Fall,0
7.04,2.66,6.97,2.67,2.81,0.5,1.31,0.43,C,X,Medium,West,Spring,2
4.64,4.66,3.88,0.4,0.26,1.94,1.76,1.18,A,Y,High,North,Summer,1
5.85,4.8,3.92,2.49,2.05,0.72,3.76,0.47,B,Y,Medium,West,Fall,2
4.04,4.75,4.4,0.71,2.68,0.99,3.01,1.09,B,Z,Medium,South,Summer,1
4.99,3.91,6.5,1.24,2.43,1.1,1.04,0.65,B,Y,Low,North,Summer,2
6.91,3.89,5.8,1.02,0.63,1.62,1.61,0.87,C,Y,Low,East,Spring,2
7.97,3.21,3.71,1.26,0.96,1.3,3.05,1.41,C,Z,High,South,Summer,2
4.4,4.26,5.31,0.54,2.18,1.85,3.29,0.25,B,X,Low,West,Winter,2
5.61,3.59,4.52,1.56,0.34,0.61,3.52,0.85,C,X,High,South,Summer,1
7.2,4.03,3.95,2.42,2.45,0.75,1.88,1.31,D,Y,Low,East,Fall,1
4.82,3.29,2.15,1.38,2.18,1.5,3.79,0.96,C,X,Low,South,Fall,0
6.22,4.19,3.78,1.52,2.22,1.17,2.66,0.56,A,X,Medium,North,Spring,2
6.93,4.47,2.47,2.56,0.39,1.09,3.09,0.72,C,Y,Low,South,Winter,1
6.46,2.44,6.49,2.15,2.18,0.63,2.79,1.08,A,X,High,East,Summer,2
4.75,4.5,3.01,1.52,2.07,2.29,1.37,1.36,D,Y,High,East,Winter,1
5.42,3.62,6.71,0.85,2.51,1.88,3.89,0.25,B,Z,High,East,Spring,2
7.14,4.53,4.2,2.67,0.22,0.74,1.37,0.29,B,X,High,West,Spring,2
6.22,3.29,4.79,1.77,0.17,0.63,1.76,0.62,A,X,Medium,East,Summer,2
4.02,3.14,4.26,0.74,1.18,2.45,3.44,0.5,B,X,High,West,Summer,1
7.04,4.75,1.78,0.88,0.53,1.86,2.86,0.54,D,X,Low,North,Winter,0
4.14,2.75,3.25,2.43,1.72,1.33,3.51,0.49,A,X,Medium,North,Spring,1
6.98,4.53,1.59,0.23,2.76,1.9,2.55,0.45,B,X,Medium,South,Fall,0
4.81,3.45,4.74,2.98,1.24,2.01,2.13,0.37,D,Y,Medium,North,Spring,2
7.83,3.54,3.68,0.48,2.55,2.06,3.77,1.41,B,X,Medium,East,Winter,2
5.47,2.93,5.67,2.41,0.1,1.46,1.11,0.39,B,Y,High,East,Winter,1
5.31,3.72,2.32,1.24,0.59,1.36,3.57,0.47,B,Z,Medium,East,Summer,0
4.6,2.98,1.99,1.53,0.19,0.52,1.69,0.52,B,Z,Low,East,Spring,0
5.22,2.12,3.44,2.65,1.05,2.35,3.55,1.41,A,Y,Medium,West,Fall,2
7.51,2.82,6.56,1.3,2.73,1.71,1.42,1.18,A,X,High,West,Spring,2
7.99,2.02,5.26,1.66,0.38,0.91,2.74,1.23,C,Y,Low,North,Spring,2
5.47,4.94,3.51,0.24,1.86,2.34,3.66,0.34,D,X,High,South,Fall,1
5.79,4.9,4.1,0.11,1.41,2.33,2.42,1.29,A,X,Medium,South,Winter,1
6.89,3.19,1.51,0.81,2.82,2.48,3.24,0.73,A,Z,Medium,North,Winter,1
7.54,4.19,6.91,2.07,0.46,2.25,3.41,0.54,B,X,Low,East,Fall,2
6.37,3.04,5.0,0.45,0.71,2.5,3.21,0.95,C,X,Low,East,Fall,1
5.57,4.01,2.71,0.43,0.19,0.99,3.78,1.27,A,Z,Low,North,Winter,0
5.65,4.42,4.51,1.29,1.36,2.18,2.34,1.21,D,Z,Medium,East,Fall,1
6.78,4.84,1.66,1.98,0.91,2.15,1.52,1.36,A,X,High,East,Summer,2
4.01,3.2,6.8,2.17,2.62,0.96,1.14,1.41,D,X,Low,North,Winter,1
6.48,4.35,2.05,0.62,1.85,0.7,1.74,0.51,B,Y,Medium,South,Spring,1
5.42,2.8,4.89,0.33,1.88,2.46,1.43,0.75,C,Y,High,West,Spring,1
7.18,4.97,2.47,2.83,1.64,1.09,2.67,0.22,B,X,Low,East,Fall,2
4.37,2.08,5.31,0.86,0.37,2.24,1.55,1.34,C,Y,High,South,Spring,1
6.35,3.81,5.66,2.57,1.39,0.51,1.12,0.4,A,Z,High,South,Summer,2
5.92,3.98,5.04,2.6,3.0,0.54,1.11,1.32,A,X,Low,North,Summer,2
6.57,4.06,4.69,2.34,2.52,1.43,3.49,0.63,B,Z,Medium,North,Fall,2
4.26,2.36,6.35,0.59,2.69,0.98,2.77,0.68,D,Z,High,West,Winter,1
6.32,4.82,1.47,2.48,2.49,1.88,2.07,0.25,C,X,Low,North,Spring,2
6.25,2.54,2.99,2.33,0.4,1.63,3.68,0.62,B,Z,Low,South,Summer,0
6.24,3.87,2.49,1.83,0.76,0.65,1.21,1.35,B,X,High,North,Spring,1
6.41,2.67,6.93,1.08,0.11,0.83,3.94,0.23,A,Y,Medium,West,Fall,2
6.71,2.92,3.34,0.86,0.98,1.28,2.85,0.73,C,Z,Low,North,Fall,0
7.22,3.64,5.4,0.45,0.41,0.87,1.55,0.24,C,X,High,South,Summer,2
5.08,3.25,5.11,1.58,1.47,2.08,3.04,0.68,C,Y,Medium,East,Spring,2
7.3,2.48,2.27,1.8,2.06,1.33,3.29,0.42,B,Z,High,South,Fall,1
5.99,2.51,2.43,1.14,2.64,0.69,2.29,0.53,D,X,Low,South,Fall,0
4.31,3.25,2.69,1.48,2.27,1.47,3.58,1.34,D,X,Low,South,Spring,1
4.23,4.27,3.47,1.15,2.82,0.68,1.45,0.77,C,X,High,West,Summer,1
5.34,4.69,2.41,1.96,0.26,0.76,1.84,0.56,B,Y,Low,West,Summer,0
7.14,2.25,1.12,2.71,0.14,0.98,1.28,0.97,C,Z,Low,South,Winter,0
6.83,3.18,6.28,0.58,2.02,2.22,1.63,0.38,B,Z,Medium,North,Winter,2
7.15,2.3,6.79,1.21,0.94,2.35,1.72,0.54,B,Y,Medium,North,Fall,2
6.07,2.05,3.05,0.51,0.84,2.15,3.75,0.91,B,Y,High,West,Winter,0
5.76,3.99,3.03,1.91,1.06,1.17,1.23,0.51,B,X,Low,East,Fall,1
4.59,3.81,1.04,2.21,0.88,1.04,2.28,1.08,B,X,Medium,West,Winter,0
5.31,2.49,5.08,2.8,1.58,1.6,2.6,0.84,B,Y,Medium,East,Spring,2
5.74,2.7,5.95,0.91,1.38,1.94,3.7,1.2,A,Y,Medium,West,Summer,2
4.35,2.07,1.88,2.86,1.59,2.49,3.99,1.43,C,Y,Medium,West,Fall,0
4.88,4.5,1.96,0.28,2.05,0.76,3.26,0.35,B,Z,Low,West,Fall,0
6.39,4.92,5.74,1.85,1.22,0.6,3.91,0.64,A,Y,Medium,South,Spring,2
6.94,2.41,4.7,0.27,0.83,1.89,3.36,0.62,B,Y,Low,South,Summer,0
7.99,2.69,1.27,2.69,0.58,2.16,3.89,0.4,D,X,Medium,East,Summer,1
7.73,4.61,4.74,1.64,1.11,2.19,3.12,1.25,C,Z,High,East,Summer,2
6.57,4.78,2.85,2.04,2.25,1.86,1.24,1.19,B,Z,Low,East,Summer,1
5.68,3.26,3.21,2.51,2.29,2.41,2.21,0.83,D,Z,Medium,North,Fall,1
6.54,2.15,5.62,0.54,2.03,1.52,2.94,0.9,A,Y,Medium,East,Winter,2
7.14,2.12,5.87,0.21,0.78,2.33,2.05,0.28,D,Y,Low,South,Fall,1
4.47,3.72,3.4,2.65,1.81,2.44,1.82,0.92,A,Y,High,East,Winter,2
5.64,3.18,6.68,1.01,1.76,2.19,2.73,1.23,A,X,Medium,North,Winter,2
7.36,2.09,3.44,0.47,1.5,1.12,3.8,0.95,B,Y,High,South,Summer,1
5.54,3.75,5.63,1.46,1.69,0.89,1.1,0.54,B,Z,Medium,North,Summer,2
6.29,2.03,3.9,1.84,1.53,1.6,3.31,1.07,B,X,Low,West,Spring,1
6.35,4.36,6.39,0.19,1.74,1.41,3.17,0.67,C,X,Low,South,Winter,2
4.74,2.92,6.45,0.9,2.17,2.26,3.89,0.91,C,Y,Medium,North,Spring,2
5.45,2.12,1.52,0.2,0.42,0.7,3.79,0.83,B,X,Low,North,Fall,0
5.34,3.77,6.62,1.32,2.27,1.02,3.29,0.7,B,Y,Low,East,Summer,2
4.1,3.19,5.95,2.7,0.49,2.0,2.56,1.13,A,Y,Medium,North,Winter,2
4.1,4.92,5.75,2.95,0.29,0.69,1.61,1.35,A,X,High,West,Summer,2
7.33,3.63,2.21,1.95,2.93,1.14,2.64,0.21,C,Z,Medium,East,Winter,1
5.09,2.83,5.83,0.57,2.88,1.27,3.3,1.41,A,Y,Low,South,Summer,2
6.07,4.13,6.1,2.73,0.28,1.75,3.69,0.86,C,Z,Low,East,Summer,2
5.19,2.81,2.73,1.6,1.39,0.82,3.37,1.11,B,Z,Medium,South,Fall,0
7.76,4.71,6.71,0.55,0.64,2.22,1.59,1.31,A,Z,Low,West,Winter,2
5.04,3.12,1.3,2.77,1.51,1.4,2.8,0.81,B,X,High,South,Fall,1
5.72,3.65,1.9,2.3,2.51,2.33,2.0,1.29,A,X,High,West,Winter,2
7.49,2.15,4.23,2.22,2.86,1.44,1.03,0.43,B,X,Low,East,Winter,1
7.37,3.28,4.45,2.16,1.94,1.05,1.6,0.41,C,Y,High,West,Winter,2
4.74,4.5,4.87,0.68,1.13,0.78,1.34,1.05,B,Z,High,North,Summer,1
7.21,4.42,1.1,0.71,1.85,0.51,3.53,1.33,A,Y,Medium,South,Summer,1
5.83,2.67,6.76,2.1,1.0,1.56,1.78,1.36,C,Z,Medium,East,Spring,2
5.93,2.68,1.27,0.74,2.74,0.71,1.85,1.04,A,X,Medium,East,Winter,0
4.53,4.45,1.86,1.37,2.62,1.28,3.88,0.88,C,X,High,North,Winter,1
4.32,4.79,1.08,2.37,1.72,1.68,2.14,0.63,B,Z,Low,South,Fall,0
6.91,2.29,4.4,2.37,1.04,1.05,1.03,1.47,B,Y,Low,South,Summer,1
5.99,3.35,6.59,1.41,0.95,0.85,1.85,0.62,D,Z,Medium,East,Spring,1
5.75,3.01,5.0,2.4,0.2,2.05,1.36,1.17,C,X,Medium,South,Winter,2
6.92,4.61,5.94,2.53,2.47,2.39,1.31,0.89,A,Z,Low,South,Spring,2
7.06,2.25,1.08,2.0,1.41,0.7,1.23,0.99,A,Y,Medium,North,Winter,0
4.64,2.63,4.25,0.76,1.04,0.81,2.78,0.71,D,Z,Medium,South,Summer,0
6.44,4.26,3.76,0.89,1.47,2.42,1.57,1.45,A,X,Medium,North,Summer,2
4.54,2.15,3.99,1.01,2.47,0.58,2.08,0.94,B,Y,Medium,West,Winter,0
7.01,3.48,1.43,0.44,0.46,2.46,3.59,1.42,C,Z,High,North,Spring,0
6.63,3.33,5.11,0.89,2.59,0.51,2.27,0.21,C,Z,Medium,West,Summer,1
7.83,3.0,4.02,0.71,2.7,2.25,3.75,0.94,C,X,Medium,South,Winter,2
4.28,3.18,5.59,1.42,2.85,1.11,2.49,1.13,C,X,Low,South,Fall,2
4.23,3.59,3.91,2.73,1.25,2.38,2.2,1.17,C,Y,Low,North,Winter,1
5.13,2.48,1.9,0.4,0.73,1.13,3.25,1.38,C,X,Medium,East,Winter,0
